Top queries,Clicks,Impressions,CTR,Position
stripe jobs,0,45,0%,34.98
stripe careers,0,36,0%,54.42
sources together ai 3.3b,0,29,0%,10
glassdoor anthropic,0,18,0%,12.83
anthropic careers,0,18,0%,63.11
coreweave careers,0,13,0%,24
cohere glassdoor,0,9,0%,10.33
"-site:facebook.com -site:fb.me -site:youtube.com -site:youtu.be 
-site:youtube.be -site:twitter.com -site:instagram.com -site:tiktok.com 
-site:vm.tiktok.com -site:t.co -site:x.com -site:reddit.com ""developer 
education""",0,9,0%,26
perplexity careers,0,9,0%,45.67
vast ai founder,0,8,0%,8.62
vercel careers,0,8,0%,50.12
anthropic jobs,0,8,0%,55
anthropic wlb,0,7,0%,20.29
stripe career,0,7,0%,46.71
open source specialist,0,7,0%,70.71
perplexity jobs,0,6,0%,43
vercel career,0,6,0%,58.17
perplexity glassdoor,0,5,0%,24
anthropic careers nyc,0,5,0%,33.8
anthropic career,0,5,0%,37.4
perplexity ai jobs,0,5,0%,39.8
anthropic review,0,5,0%,49.8
anthropic ai jobs,0,5,0%,50.4
"-site:facebook.com -site:fb.me -site:youtube.com -site:youtu.be 
-site:youtube.be -site:twitter.com -site:instagram.com -site:tiktok.com 
-site:vm.tiktok.com -site:t.co -site:x.com -site:reddit.com ""developer 
relations""",0,5,0%,50.6
anthropic employee reviews,0,4,0%,10.5
together ai number of employees,0,4,0%,11.25
anthropic work life balance,0,4,0%,19.25
vast.ai careers,0,4,0%,22.25
anthropic glassdoor,0,4,0%,26.75
jobs at stripe,0,4,0%,35.25
stripe culture,0,4,0%,40.25
open source jobs,0,4,0%,41.75
stripe openings,0,4,0%,47.25
hire vercel developers,0,4,0%,48.5
vast.ai founder,0,3,0%,7.33
perplexity ai browser c++ engineer role applicants number,0,3,0%,8
together ai 3.3b,0,3,0%,9.67
anthropic company culture careers,0,3,0%,11.33
why work at anthropic employee reviews,0,3,0%,16.67
coreweave jobs,0,3,0%,18
anthropic work culture,0,3,0%,21.33
coreweave glassdoor,0,3,0%,24.67
stripe new grad product manager,0,3,0%,25.67
athropic careers,0,3,0%,29.33
working at coreweave,0,3,0%,33.33
anthropi careers,0,3,0%,33.67
work at stripe,0,3,0%,34.67
anthropic ai safety careers,0,3,0%,36
perplexity carers,0,3,0%,36
together ai jobs,0,3,0%,38.33
stripe company culture,0,3,0%,39
anthropic culture,0,3,0%,39.67
anthropic benefits,0,3,0%,41.67
anthropic new york,0,3,0%,43.33
stripe vacancies,0,3,0%,46.33
perplexity ai careers,0,3,0%,51
anthropic nyc,0,3,0%,53.33
cohere internships,0,3,0%,55.33
anthropic.com jobs,0,3,0%,61
stripe software engineer,0,3,0%,61.33
vast culture,0,2,0%,8
anthropic company culture reviews,0,2,0%,10
glassdoor cohere,0,2,0%,10
anthropic employee reviews culture,0,2,0%,10.5
vast ai careers,0,2,0%,14
jake cannell,0,2,0%,14.5
glassdoor coreweave,0,2,0%,16
coreweave open positions,0,2,0%,18
anthropic carers,0,2,0%,19.5
working at anthropic reviews,0,2,0%,19.5
vast.ai ceo,0,2,0%,21.5
coreweave employee reviews,0,2,0%,22.5
vercel glassdoor,0,2,0%,25
cohere values,0,2,0%,27
coreweave sunnyvale,0,2,0%,27.5
anthropic reviews,0,2,0%,29
hire remote vercel developer,0,2,0%,30
together.ai careers,0,2,0%,31
stripe swe,0,2,0%,33.5
together ai careers,0,2,0%,36
perplexity career,0,2,0%,37.5
anthropic carreer,0,2,0%,38
jobs anthropic,0,2,0%,38
together ai glassdoor,0,2,0%,38.5
working at vercel,0,2,0%,39
perplexity swe intern,0,2,0%,39.5
anthropic labs team,0,2,0%,41
stripe developer jobs,0,2,0%,41
anthropic ai careers,0,2,0%,41.5
antrhopic career,0,2,0%,41.5
perplexity.ai careers,0,2,0%,41.5
stripe toronto careers,0,2,0%,41.5
perplexity carrer,0,2,0%,42
stripe jobs canada,0,2,0%,42
anhropic careers,0,2,0%,42.5
anthropic summer internships,0,2,0%,42.5
antrhopic careers,0,2,0%,44.5
why work at anthropic,0,2,0%,44.5
anthropic.com careers,0,2,0%,45.5
anthropic roles,0,2,0%,48.5
anthropic swe,0,2,0%,48.5
vercel jobs,0,2,0%,53
job stripe,0,2,0%,57
hire stripes engineer,0,2,0%,59
jobs at anthropic,0,2,0%,62
anthropic's mission,0,2,0%,66
anthropic mission statement,0,2,0%,71
cohere company,0,2,0%,71
anthropic sf,0,2,0%,75
anthropic company,0,2,0%,78
how many employees at anthropic,0,2,0%,79
stripe values,0,2,0%,82.5
anthropic company culture and values,0,1,0%,1
cohere careers,0,1,0%,6
stripe employment opportunities,0,1,0%,7
gtme,0,1,0%,9
anthropic engineering culture,0,1,0%,10
anthropic work life balance reviews,0,1,0%,10
anysphere glassdoor,0,1,0%,10
mistral ai company culture,0,1,0%,10
"runway ml ""director, physical ai"" salary",0,1,0%,10
together ai company profile,0,1,0%,10
perplexity ai sales jobs,0,1,0%,11
coreweave hiring,0,1,0%,17
anthropic company culture employee reviews,0,1,0%,19
cohere jobs,0,1,0%,19
stripe engineering culture,0,1,0%,19
coreweave work life balance,0,1,0%,20
coreweave career,0,1,0%,22
anthropic company culture,0,1,0%,24
corewave jobs,0,1,0%,24
vast.ai glassdoor,0,1,0%,24
anthroic careers,0,1,0%,25
coreweave internships,0,1,0%,25
perplexity ai glassdoor,0,1,0%,26
anthropic careers paris,0,1,0%,28
anthropic careers research,0,1,0%,28
claude careers,0,1,0%,30
stripe carrers,0,1,0%,30
anthropic nyc careers,0,1,0%,31
antropic career,0,1,0%,31
is anthropic a good place to work,0,1,0%,31
user experience researcher anthropic,0,1,0%,31
corweave careers,0,1,0%,32
stripe job postings,0,1,0%,32
antrophic jobs,0,1,0%,33
perplexity ai job openings,0,1,0%,33
anthopic careers,0,1,0%,34
anthropic values and mission,0,1,0%,35
stripe job openings,0,1,0%,35
togetherai careers,0,1,0%,35
perplexity employees,0,1,0%,36
stripe recruitment,0,1,0%,36
vercel internships,0,1,0%,36
what's it like to work at anthropic,0,1,0%,36
anthropic ca,0,1,0%,37
anthropic user experience researcher,0,1,0%,37
core weave careers,0,1,0%,37
perplexity hiring,0,1,0%,37
stripe engineering jobs,0,1,0%,37
stripe inc careers,0,1,0%,37
anthropic benefits package,0,1,0%,38
together ai new grad,0,1,0%,38
anthropic interpretability team,0,1,0%,39
anthropic perks,0,1,0%,39
stripe work culture,0,1,0%,39
perplexity ai employees,0,1,0%,40
stripe hiring,0,1,0%,40
amthropic,0,1,0%,41
culture at stripe,0,1,0%,41
stripe engineering,0,1,0%,42
anthropic headquarters,0,1,0%,43
hire vercel developer,0,1,0%,43
jobs in stripe,0,1,0%,43
jobs stripe,0,1,0%,43
stripe jons,0,1,0%,43
stripe software engineer roles,0,1,0%,43
anthropic remote work,0,1,0%,44
anthropics careers,0,1,0%,44
jobs at perplexity,0,1,0%,44
perplexity intern,0,1,0%,44
stripe fresher jobs,0,1,0%,44
together ai swe intern,0,1,0%,44
anthropic intern,0,1,0%,45
careers anthropic,0,1,0%,45
anthropic careers bangalore,0,1,0%,46
anthropic carrers,0,1,0%,46
anthropic ux researcher,0,1,0%,46
perplexity jobs india,0,1,0%,46
anthrpic career,0,1,0%,47
together ai internship,0,1,0%,47
anthropic job,0,1,0%,48
anthropic societal impacts team,0,1,0%,49
people and culture remote jobs,0,1,0%,49
stripe caree,0,1,0%,49
stripe crypto jobs,0,1,0%,49
vercel roles,0,1,0%,49
anthropic board,0,1,0%,50
stripe new grad roles,0,1,0%,50
why work at stripe,0,1,0%,50
anthropic values,0,1,0%,51
perplexity ai hiring,0,1,0%,51
cohere toronto,0,1,0%,52
hire perplexity ai developer,0,1,0%,53
hire vercel programmer,0,1,0%,53
cohere headquarters,0,1,0%,54
anthropic careers page,0,1,0%,57
anthropic inc,0,1,0%,58
stripe careers usa,0,1,0%,58
stripe work,0,1,0%,58
stripe engineer,0,1,0%,59
stripe chicago jobs,0,1,0%,63
anthropic internships,0,1,0%,66
what does anthropic do,0,1,0%,66
engineer stripe,0,1,0%,69
how many employees does anthropic have,0,1,0%,71
hugging face career,0,1,0%,73
career stripe,0,1,0%,75
anthropology ai company,0,1,0%,77
anthropic how many employees,0,1,0%,78
jobs at weave,0,1,0%,80
careers stripe,0,1,0%,81
anthropic company profile,0,1,0%,84
anthropic internship,0,1,0%,90
anthropic company details,0,1,0%,97
"""apollo.io""",0,1,0%,100