PR,URL,Title,Content type,Is rendered page,HTTP status code,Organic traffic,Referenced in sitemaps,No. of href inlinks,No. of redirect inlinks,No. of canonical inlinks,No. of hreflang inlinks,No. of pagination inlinks,No. of CSS inlinks,No. of IMG inlinks,No. of JS inlinks
20,https://jobsbyculture.com/compare/datadog-vs-hubspot,Datadog vs HubSpot: Culture & Glassdoor Compared | JobsByCulture,text/html; charset=utf-8,false,200,0,https://jobsbyculture.com/sitemap.xml,0,0,0,0,0,0,0,0
20,https://jobsbyculture.com/compare/datadog-vs-replit,Datadog vs Replit: Culture & Glassdoor Compared | JobsByCulture,text/html; charset=utf-8,false,200,0,https://jobsbyculture.com/sitemap.xml,0,0,0,0,0,0,0,0
20,https://jobsbyculture.com/compare/datadog-vs-ramp,Datadog vs Ramp: Culture & Glassdoor Compared | JobsByCulture,text/html; charset=utf-8,false,200,0,https://jobsbyculture.com/sitemap.xml,0,0,0,0,0,0,0,0
20,https://jobsbyculture.com/compare/crusoe-vs-plaid,Crusoe vs Plaid: Culture & Glassdoor Compared | JobsByCulture,text/html; charset=utf-8,false,200,0,https://jobsbyculture.com/sitemap.xml,0,0,0,0,0,0,0,0
20,https://jobsbyculture.com/compare/datadog-vs-fireworksai,Datadog vs Fireworks AI: Culture & Glassdoor Compared | JobsByCulture,text/html; charset=utf-8,false,200,0,https://jobsbyculture.com/sitemap.xml,0,0,0,0,0,0,0,0
20,https://jobsbyculture.com/roles/wlb/operations,Work-Life Balance Operations Jobs | AI & Tech Companies | JobsByCulture,text/html; charset=utf-8,false,200,0,https://jobsbyculture.com/sitemap.xml,0,0,0,0,0,0,0,0
20,https://jobsbyculture.com/compare/fireworksai-vs-mercury,Fireworks AI vs Mercury: Culture & Glassdoor Compared | JobsByCulture,text/html; charset=utf-8,false,200,0,https://jobsbyculture.com/sitemap.xml,0,0,0,0,0,0,0,0
20,https://jobsbyculture.com/compare/airbnb-vs-baseten,Airbnb vs Baseten: Culture & Glassdoor Compared | JobsByCulture,text/html; charset=utf-8,false,200,0,https://jobsbyculture.com/sitemap.xml,0,0,0,0,0,0,0,0
20,https://jobsbyculture.com/compare/figma-vs-fireworksai,Figma vs Fireworks AI: Culture & Glassdoor Compared | JobsByCulture,text/html; charset=utf-8,false,200,0,https://jobsbyculture.com/sitemap.xml,0,0,0,0,0,0,0,0
20,https://jobsbyculture.com/roles/diverse/hr-people,Diverse & Inclusive HR / People Jobs | AI & Tech Companies | JobsByCulture,text/html; charset=utf-8,false,200,0,https://jobsbyculture.com/sitemap.xml,0,0,0,0,0,0,0,0
20,https://jobsbyculture.com/compare/datadog-vs-mistral,Datadog vs Mistral AI: Culture & Glassdoor Compared | JobsByCulture,text/html; charset=utf-8,false,200,0,https://jobsbyculture.com/sitemap.xml,0,0,0,0,0,0,0,0
20,https://jobsbyculture.com/compare/databricks-vs-fireworksai,Databricks vs Fireworks AI: Culture & Glassdoor Compared | JobsByCulture,text/html; charset=utf-8,false,200,0,https://jobsbyculture.com/sitemap.xml,0,0,0,0,0,0,0,0
20,https://jobsbyculture.com/compare/crusoe-vs-modal,Crusoe vs Modal: Culture & Glassdoor Compared | JobsByCulture,text/html; charset=utf-8,false,200,0,https://jobsbyculture.com/sitemap.xml,0,0,0,0,0,0,0,0
20,https://jobsbyculture.com/compare/datadog-vs-supabase,Datadog vs Supabase: Culture & Glassdoor Compared | JobsByCulture,text/html; charset=utf-8,false,200,0,https://jobsbyculture.com/sitemap.xml,0,0,0,0,0,0,0,0
20,https://jobsbyculture.com/compare/baseten-vs-datadog,Baseten vs Datadog: Culture & Glassdoor Compared | JobsByCulture,text/html; charset=utf-8,false,200,0,https://jobsbyculture.com/sitemap.xml,0,0,0,0,0,0,0,0
20,https://jobsbyculture.com/roles/psych-safety/legal,Safe to Fail Legal Jobs | AI & Tech Companies | JobsByCulture,text/html; charset=utf-8,false,200,0,https://jobsbyculture.com/sitemap.xml,0,0,0,0,0,0,0,0
20,https://jobsbyculture.com/compare/datadog-vs-openai,Datadog vs OpenAI: Culture & Glassdoor Compared | JobsByCulture,text/html; charset=utf-8,false,200,0,https://jobsbyculture.com/sitemap.xml,0,0,0,0,0,0,0,0
20,https://jobsbyculture.com/compare/crusoe-vs-supabase,Crusoe vs Supabase: Culture & Glassdoor Compared | JobsByCulture,text/html; charset=utf-8,false,200,0,https://jobsbyculture.com/sitemap.xml,0,0,0,0,0,0,0,0
20,https://jobsbyculture.com/compare/crusoe-vs-huggingface,Crusoe vs Hugging Face: Culture & Glassdoor Compared | JobsByCulture,text/html; charset=utf-8,false,200,0,https://jobsbyculture.com/sitemap.xml,0,0,0,0,0,0,0,0
20,https://jobsbyculture.com/compare/fireworksai-vs-pylon,Fireworks AI vs Pylon: Culture & Glassdoor Compared | JobsByCulture,text/html; charset=utf-8,false,200,0,https://jobsbyculture.com/sitemap.xml,0,0,0,0,0,0,0,0
20,https://jobsbyculture.com/compare/cloudflare-vs-langchain,Cloudflare vs LangChain: Culture & Glassdoor Compared | JobsByCulture,text/html; charset=utf-8,false,200,0,https://jobsbyculture.com/sitemap.xml,0,0,0,0,0,0,0,0
20,https://jobsbyculture.com/compare/apollo-vs-fireworksai,Apollo.io vs Fireworks AI: Culture & Glassdoor Compared | JobsByCulture,text/html; charset=utf-8,false,200,0,https://jobsbyculture.com/sitemap.xml,0,0,0,0,0,0,0,0
20,https://jobsbyculture.com/compare/fireworksai-vs-modal,Fireworks AI vs Modal: Culture & Glassdoor Compared | JobsByCulture,text/html; charset=utf-8,false,200,0,https://jobsbyculture.com/sitemap.xml,0,0,0,0,0,0,0,0
20,https://jobsbyculture.com/compare/fireworksai-vs-notion,Fireworks AI vs Notion: Culture & Glassdoor Compared | JobsByCulture,text/html; charset=utf-8,false,200,0,https://jobsbyculture.com/sitemap.xml,0,0,0,0,0,0,0,0
20,https://jobsbyculture.com/compare/crusoe-vs-scale,Crusoe vs Scale AI: Culture & Glassdoor Compared | JobsByCulture,text/html; charset=utf-8,false,200,0,https://jobsbyculture.com/sitemap.xml,0,0,0,0,0,0,0,0
20,https://jobsbyculture.com/roles/deep-work/finance,Deep Work / Low Meetings Finance Jobs | AI & Tech Companies | JobsByCulture,text/html; charset=utf-8,false,200,0,https://jobsbyculture.com/sitemap.xml,0,0,0,0,0,0,0,0
20,https://jobsbyculture.com/compare/fireworksai-vs-tailscale,Fireworks AI vs Tailscale: Culture & Glassdoor Compared | JobsByCulture,text/html; charset=utf-8,false,200,0,https://jobsbyculture.com/sitemap.xml,0,0,0,0,0,0,0,0
20,https://jobsbyculture.com/compare/baseten-vs-vercel,Baseten vs Vercel: Culture & Glassdoor Compared | JobsByCulture,text/html; charset=utf-8,false,200,0,https://jobsbyculture.com/sitemap.xml,0,0,0,0,0,0,0,0
20,https://jobsbyculture.com/compare/crusoe-vs-databricks,Crusoe vs Databricks: Culture & Glassdoor Compared | JobsByCulture,text/html; charset=utf-8,false,200,0,https://jobsbyculture.com/sitemap.xml,0,0,0,0,0,0,0,0
20,https://jobsbyculture.com/roles/social-impact/data,Mission-Driven Data Jobs | AI & Tech Companies | JobsByCulture,text/html; charset=utf-8,false,200,0,https://jobsbyculture.com/sitemap.xml,0,0,0,0,0,0,0,0
20,https://jobsbyculture.com/compare/crusoe-vs-linear,Crusoe vs Linear: Culture & Glassdoor Compared | JobsByCulture,text/html; charset=utf-8,false,200,0,https://jobsbyculture.com/sitemap.xml,0,0,0,0,0,0,0,0
20,https://jobsbyculture.com/compare/fireworksai-vs-posthog,Fireworks AI vs PostHog: Culture & Glassdoor Compared | JobsByCulture,text/html; charset=utf-8,false,200,0,https://jobsbyculture.com/sitemap.xml,0,0,0,0,0,0,0,0
20,https://jobsbyculture.com/compare/fireworksai-vs-runway,Fireworks AI vs Runway: Culture & Glassdoor Compared | JobsByCulture,text/html; charset=utf-8,false,200,0,https://jobsbyculture.com/sitemap.xml,0,0,0,0,0,0,0,0
20,https://jobsbyculture.com/compare/crusoe-vs-cursor,Crusoe vs Cursor (Anysphere): Culture & Glassdoor Compared | JobsByCulture,text/html; charset=utf-8,false,200,0,https://jobsbyculture.com/sitemap.xml,0,0,0,0,0,0,0,0
20,https://jobsbyculture.com/compare/cohere-vs-datadog,Cohere vs Datadog: Culture & Glassdoor Compared | JobsByCulture,text/html; charset=utf-8,false,200,0,https://jobsbyculture.com/sitemap.xml,0,0,0,0,0,0,0,0
20,https://jobsbyculture.com/compare/datadog-vs-stripe,Datadog vs Stripe: Culture & Glassdoor Compared | JobsByCulture,text/html; charset=utf-8,false,200,0,https://jobsbyculture.com/sitemap.xml,0,0,0,0,0,0,0,0
20,https://jobsbyculture.com/compare/airbnb-vs-fireworksai,Airbnb vs Fireworks AI: Culture & Glassdoor Compared | JobsByCulture,text/html; charset=utf-8,false,200,0,https://jobsbyculture.com/sitemap.xml,0,0,0,0,0,0,0,0
20,https://jobsbyculture.com/compare/fireworksai-vs-openai,Fireworks AI vs OpenAI: Culture & Glassdoor Compared | JobsByCulture,text/html; charset=utf-8,false,200,0,https://jobsbyculture.com/sitemap.xml,0,0,0,0,0,0,0,0
20,https://jobsbyculture.com/roles/flat/design,Flat Hierarchy Design Jobs | AI & Tech Companies | JobsByCulture,text/html; charset=utf-8,false,200,0,https://jobsbyculture.com/sitemap.xml,0,0,0,0,0,0,0,0
20,https://jobsbyculture.com/compare/cloudflare-vs-mistral,Cloudflare vs Mistral AI: Culture & Glassdoor Compared | JobsByCulture,text/html; charset=utf-8,false,200,0,https://jobsbyculture.com/sitemap.xml,0,0,0,0,0,0,0,0
20,https://jobsbyculture.com/compare/datadog-vs-vercel,Datadog vs Vercel: Culture & Glassdoor Compared | JobsByCulture,text/html; charset=utf-8,false,200,0,https://jobsbyculture.com/sitemap.xml,0,0,0,0,0,0,0,0
20,https://jobsbyculture.com/compare/datadog-vs-runway,Datadog vs Runway: Culture & Glassdoor Compared | JobsByCulture,text/html; charset=utf-8,false,200,0,https://jobsbyculture.com/sitemap.xml,0,0,0,0,0,0,0,0
20,https://jobsbyculture.com/compare/coreweave-vs-crusoe,CoreWeave vs Crusoe: Culture & Glassdoor Compared | JobsByCulture,text/html; charset=utf-8,false,200,0,https://jobsbyculture.com/sitemap.xml,0,0,0,0,0,0,0,0
20,https://jobsbyculture.com/roles/many-hats/design,Wears Many Hats Design Jobs | AI & Tech Companies | JobsByCulture,text/html; charset=utf-8,false,200,0,https://jobsbyculture.com/sitemap.xml,0,0,0,0,0,0,0,0
20,https://jobsbyculture.com/compare/cloudflare-vs-pinecone,Cloudflare vs Pinecone: Culture & Glassdoor Compared | JobsByCulture,text/html; charset=utf-8,false,200,0,https://jobsbyculture.com/sitemap.xml,0,0,0,0,0,0,0,0
20,https://jobsbyculture.com/compare/crusoe-vs-pinecone,Crusoe vs Pinecone: Culture & Glassdoor Compared | JobsByCulture,text/html; charset=utf-8,false,200,0,https://jobsbyculture.com/sitemap.xml,0,0,0,0,0,0,0,0
20,https://jobsbyculture.com/compare/anthropic-vs-datadog,Anthropic vs Datadog: Culture & Glassdoor Compared | JobsByCulture,text/html; charset=utf-8,false,200,0,https://jobsbyculture.com/sitemap.xml,0,0,0,0,0,0,0,0
20,https://jobsbyculture.com/compare/fireworksai-vs-hubspot,Fireworks AI vs HubSpot: Culture & Glassdoor Compared | JobsByCulture,text/html; charset=utf-8,false,200,0,https://jobsbyculture.com/sitemap.xml,0,0,0,0,0,0,0,0
20,https://jobsbyculture.com/compare/airtable-vs-crusoe,Airtable vs Crusoe: Culture & Glassdoor Compared | JobsByCulture,text/html; charset=utf-8,false,200,0,https://jobsbyculture.com/sitemap.xml,0,0,0,0,0,0,0,0
20,https://jobsbyculture.com/compare/baseten-vs-plaid,Baseten vs Plaid: Culture & Glassdoor Compared | JobsByCulture,text/html; charset=utf-8,false,200,0,https://jobsbyculture.com/sitemap.xml,0,0,0,0,0,0,0,0
20,https://jobsbyculture.com/compare/crusoe-vs-datadog,Crusoe vs Datadog: Culture & Glassdoor Compared | JobsByCulture,text/html; charset=utf-8,false,200,0,https://jobsbyculture.com/sitemap.xml,0,0,0,0,0,0,0,0
20,https://jobsbyculture.com/compare/baseten-vs-mercury,Baseten vs Mercury: Culture & Glassdoor Compared | JobsByCulture,text/html; charset=utf-8,false,200,0,https://jobsbyculture.com/sitemap.xml,0,0,0,0,0,0,0,0
20,https://jobsbyculture.com/compare/datadog-vs-tailscale,Datadog vs Tailscale: Culture & Glassdoor Compared | JobsByCulture,text/html; charset=utf-8,false,200,0,https://jobsbyculture.com/sitemap.xml,0,0,0,0,0,0,0,0
20,https://jobsbyculture.com/compare/fireworksai-vs-incidentio,Fireworks AI vs incident.io: Culture & Glassdoor Compared | JobsByCulture,text/html; charset=utf-8,false,200,0,https://jobsbyculture.com/sitemap.xml,0,0,0,0,0,0,0,0
20,https://jobsbyculture.com/compare/crusoe-vs-incidentio,Crusoe vs incident.io: Culture & Glassdoor Compared | JobsByCulture,text/html; charset=utf-8,false,200,0,https://jobsbyculture.com/sitemap.xml,0,0,0,0,0,0,0,0
20,https://jobsbyculture.com/compare/fireworksai-vs-weaviate,Fireworks AI vs Weaviate: Culture & Glassdoor Compared | JobsByCulture,text/html; charset=utf-8,false,200,0,https://jobsbyculture.com/sitemap.xml,0,0,0,0,0,0,0,0
20,https://jobsbyculture.com/compare/baseten-vs-coreweave,Baseten vs CoreWeave: Culture & Glassdoor Compared | JobsByCulture,text/html; charset=utf-8,false,200,0,https://jobsbyculture.com/sitemap.xml,0,0,0,0,0,0,0,0
20,https://jobsbyculture.com/compare/baseten-vs-ramp,Baseten vs Ramp: Culture & Glassdoor Compared | JobsByCulture,text/html; charset=utf-8,false,200,0,https://jobsbyculture.com/sitemap.xml,0,0,0,0,0,0,0,0
20,https://jobsbyculture.com/compare/baseten-vs-hubspot,Baseten vs HubSpot: Culture & Glassdoor Compared | JobsByCulture,text/html; charset=utf-8,false,200,0,https://jobsbyculture.com/sitemap.xml,0,0,0,0,0,0,0,0
20,https://jobsbyculture.com/compare/cloudflare-vs-replit,Cloudflare vs Replit: Culture & Glassdoor Compared | JobsByCulture,text/html; charset=utf-8,false,200,0,https://jobsbyculture.com/sitemap.xml,0,0,0,0,0,0,0,0
20,https://jobsbyculture.com/compare/baseten-vs-cohere,Baseten vs Cohere: Culture & Glassdoor Compared | JobsByCulture,text/html; charset=utf-8,false,200,0,https://jobsbyculture.com/sitemap.xml,0,0,0,0,0,0,0,0
20,https://jobsbyculture.com/compare/brex-vs-datadog,Brex vs Datadog: Culture & Glassdoor Compared | JobsByCulture,text/html; charset=utf-8,false,200,0,https://jobsbyculture.com/sitemap.xml,0,0,0,0,0,0,0,0
20,https://jobsbyculture.com/compare/fireworksai-vs-plaid,Fireworks AI vs Plaid: Culture & Glassdoor Compared | JobsByCulture,text/html; charset=utf-8,false,200,0,https://jobsbyculture.com/sitemap.xml,0,0,0,0,0,0,0,0
20,https://jobsbyculture.com/compare/baseten-vs-linear,Baseten vs Linear: Culture & Glassdoor Compared | JobsByCulture,text/html; charset=utf-8,false,200,0,https://jobsbyculture.com/sitemap.xml,0,0,0,0,0,0,0,0
20,https://jobsbyculture.com/compare/deepmind-vs-fireworksai,Google DeepMind vs Fireworks AI: Culture & Glassdoor Compared | JobsByCulture,text/html; charset=utf-8,false,200,0,https://jobsbyculture.com/sitemap.xml,0,0,0,0,0,0,0,0
20,https://jobsbyculture.com/compare/coreweave-vs-fireworksai,CoreWeave vs Fireworks AI: Culture & Glassdoor Compared | JobsByCulture,text/html; charset=utf-8,false,200,0,https://jobsbyculture.com/sitemap.xml,0,0,0,0,0,0,0,0
20,https://jobsbyculture.com/compare/cloudflare-vs-weaviate,Cloudflare vs Weaviate: Culture & Glassdoor Compared | JobsByCulture,text/html; charset=utf-8,false,200,0,https://jobsbyculture.com/sitemap.xml,0,0,0,0,0,0,0,0
20,https://jobsbyculture.com/compare/cohere-vs-fireworksai,Cohere vs Fireworks AI: Culture & Glassdoor Compared | JobsByCulture,text/html; charset=utf-8,false,200,0,https://jobsbyculture.com/sitemap.xml,0,0,0,0,0,0,0,0
20,https://jobsbyculture.com/compare/airbnb-vs-cloudflare,Airbnb vs Cloudflare: Culture & Glassdoor Compared | JobsByCulture,text/html; charset=utf-8,false,200,0,https://jobsbyculture.com/sitemap.xml,0,0,0,0,0,0,0,0
20,https://jobsbyculture.com/compare/datadog-vs-together,Datadog vs Together AI: Culture & Glassdoor Compared | JobsByCulture,text/html; charset=utf-8,false,200,0,https://jobsbyculture.com/sitemap.xml,0,0,0,0,0,0,0,0
20,https://jobsbyculture.com/compare/cloudflare-vs-cursor,Cloudflare vs Cursor (Anysphere): Culture & Glassdoor Compared | JobsByCulture,text/html; charset=utf-8,false,200,0,https://jobsbyculture.com/sitemap.xml,0,0,0,0,0,0,0,0
20,https://jobsbyculture.com/compare/crusoe-vs-fireworksai,Crusoe vs Fireworks AI: Culture & Glassdoor Compared | JobsByCulture,text/html; charset=utf-8,false,200,0,https://jobsbyculture.com/sitemap.xml,0,0,0,0,0,0,0,0
20,https://jobsbyculture.com/compare/airtable-vs-datadog,Airtable vs Datadog: Culture & Glassdoor Compared | JobsByCulture,text/html; charset=utf-8,false,200,0,https://jobsbyculture.com/sitemap.xml,0,0,0,0,0,0,0,0
20,https://jobsbyculture.com/compare/fireworksai-vs-mistral,Fireworks AI vs Mistral AI: Culture & Glassdoor Compared | JobsByCulture,text/html; charset=utf-8,false,200,0,https://jobsbyculture.com/sitemap.xml,0,0,0,0,0,0,0,0
20,https://jobsbyculture.com/compare/datadog-vs-modal,Datadog vs Modal: Culture & Glassdoor Compared | JobsByCulture,text/html; charset=utf-8,false,200,0,https://jobsbyculture.com/sitemap.xml,0,0,0,0,0,0,0,0
20,https://jobsbyculture.com/compare/fireworksai-vs-scale,Fireworks AI vs Scale AI: Culture & Glassdoor Compared | JobsByCulture,text/html; charset=utf-8,false,200,0,https://jobsbyculture.com/sitemap.xml,0,0,0,0,0,0,0,0
20,https://jobsbyculture.com/compare/cloudflare-vs-together,Cloudflare vs Together AI: Culture & Glassdoor Compared | JobsByCulture,text/html; charset=utf-8,false,200,0,https://jobsbyculture.com/sitemap.xml,0,0,0,0,0,0,0,0
20,https://jobsbyculture.com/compare/cloudflare-vs-tailscale,Cloudflare vs Tailscale: Culture & Glassdoor Compared | JobsByCulture,text/html; charset=utf-8,false,200,0,https://jobsbyculture.com/sitemap.xml,0,0,0,0,0,0,0,0
20,https://jobsbyculture.com/compare/crusoe-vs-vercel,Crusoe vs Vercel: Culture & Glassdoor Compared | JobsByCulture,text/html; charset=utf-8,false,200,0,https://jobsbyculture.com/sitemap.xml,0,0,0,0,0,0,0,0
20,https://jobsbyculture.com/compare/cloudflare-vs-posthog,Cloudflare vs PostHog: Culture & Glassdoor Compared | JobsByCulture,text/html; charset=utf-8,false,200,0,https://jobsbyculture.com/sitemap.xml,0,0,0,0,0,0,0,0
20,https://jobsbyculture.com/compare/baseten-vs-databricks,Baseten vs Databricks: Culture & Glassdoor Compared | JobsByCulture,text/html; charset=utf-8,false,200,0,https://jobsbyculture.com/sitemap.xml,0,0,0,0,0,0,0,0
20,https://jobsbyculture.com/compare/cloudflare-vs-stripe,Cloudflare vs Stripe: Culture & Glassdoor Compared | JobsByCulture,text/html; charset=utf-8,false,200,0,https://jobsbyculture.com/sitemap.xml,0,0,0,0,0,0,0,0
20,https://jobsbyculture.com/compare/fireworksai-vs-linear,Fireworks AI vs Linear: Culture & Glassdoor Compared | JobsByCulture,text/html; charset=utf-8,false,200,0,https://jobsbyculture.com/sitemap.xml,0,0,0,0,0,0,0,0
20,https://jobsbyculture.com/roles/many-hats/data,Wears Many Hats Data Jobs | AI & Tech Companies | JobsByCulture,text/html; charset=utf-8,false,200,0,https://jobsbyculture.com/sitemap.xml,0,0,0,0,0,0,0,0
20,https://jobsbyculture.com/compare/datadog-vs-deepmind,Datadog vs Google DeepMind: Culture & Glassdoor Compared | JobsByCulture,text/html; charset=utf-8,false,200,0,https://jobsbyculture.com/sitemap.xml,0,0,0,0,0,0,0,0
20,https://jobsbyculture.com/compare/crusoe-vs-vast,Crusoe vs Vast AI: Culture & Glassdoor Compared | JobsByCulture,text/html; charset=utf-8,false,200,0,https://jobsbyculture.com/sitemap.xml,0,0,0,0,0,0,0,0
20,https://jobsbyculture.com/compare/cursor-vs-fireworksai,Cursor (Anysphere) vs Fireworks AI: Culture & Glassdoor Compared | JobsByCulture,text/html; charset=utf-8,false,200,0,https://jobsbyculture.com/sitemap.xml,0,0,0,0,0,0,0,0
20,https://jobsbyculture.com/roles/remote/finance,Remote-Friendly Finance Jobs | AI & Tech Companies | JobsByCulture,text/html; charset=utf-8,false,200,0,https://jobsbyculture.com/sitemap.xml,0,0,0,0,0,0,0,0
20,https://jobsbyculture.com/compare/anthropic-vs-crusoe,Anthropic vs Crusoe: Culture & Glassdoor Compared | JobsByCulture,text/html; charset=utf-8,false,200,0,https://jobsbyculture.com/sitemap.xml,0,0,0,0,0,0,0,0
20,https://jobsbyculture.com/compare/airtable-vs-cloudflare,Airtable vs Cloudflare: Culture & Glassdoor Compared | JobsByCulture,text/html; charset=utf-8,false,200,0,https://jobsbyculture.com/sitemap.xml,0,0,0,0,0,0,0,0
20,https://jobsbyculture.com/compare/crusoe-vs-notion,Crusoe vs Notion: Culture & Glassdoor Compared | JobsByCulture,text/html; charset=utf-8,false,200,0,https://jobsbyculture.com/sitemap.xml,0,0,0,0,0,0,0,0
20,https://jobsbyculture.com/compare/crusoe-vs-langchain,Crusoe vs LangChain: Culture & Glassdoor Compared | JobsByCulture,text/html; charset=utf-8,false,200,0,https://jobsbyculture.com/sitemap.xml,0,0,0,0,0,0,0,0
20,https://jobsbyculture.com/roles/social-impact/support,Mission-Driven Support Jobs | AI & Tech Companies | JobsByCulture,text/html; charset=utf-8,false,200,0,https://jobsbyculture.com/sitemap.xml,0,0,0,0,0,0,0,0
20,https://jobsbyculture.com/roles/ethical-ai/design,Ethical AI / Safety Design Jobs | AI & Tech Companies | JobsByCulture,text/html; charset=utf-8,false,200,0,https://jobsbyculture.com/sitemap.xml,0,0,0,0,0,0,0,0
20,https://jobsbyculture.com/compare/baseten-vs-fireworksai,Baseten vs Fireworks AI: Culture & Glassdoor Compared | JobsByCulture,text/html; charset=utf-8,false,200,0,https://jobsbyculture.com/sitemap.xml,0,0,0,0,0,0,0,0
20,https://jobsbyculture.com/roles/open-source/design,Open Source Design Jobs | AI & Tech Companies | JobsByCulture,text/html; charset=utf-8,false,200,0,https://jobsbyculture.com/sitemap.xml,0,0,0,0,0,0,0,0
20,https://jobsbyculture.com/roles/psych-safety/hr-people,Safe to Fail HR / People Jobs | AI & Tech Companies | JobsByCulture,text/html; charset=utf-8,false,200,0,https://jobsbyculture.com/sitemap.xml,0,0,0,0,0,0,0,0
20,https://jobsbyculture.com/compare/cloudflare-vs-mercury,Cloudflare vs Mercury: Culture & Glassdoor Compared | JobsByCulture,text/html; charset=utf-8,false,200,0,https://jobsbyculture.com/sitemap.xml,0,0,0,0,0,0,0,0
20,https://jobsbyculture.com/compare/cloudflare-vs-notion,Cloudflare vs Notion: Culture & Glassdoor Compared | JobsByCulture,text/html; charset=utf-8,false,200,0,https://jobsbyculture.com/sitemap.xml,0,0,0,0,0,0,0,0
20,https://jobsbyculture.com/compare/cloudflare-vs-databricks,Cloudflare vs Databricks: Culture & Glassdoor Compared | JobsByCulture,text/html; charset=utf-8,false,200,0,https://jobsbyculture.com/sitemap.xml,0,0,0,0,0,0,0,0
20,https://jobsbyculture.com/compare/anthropic-vs-baseten,Anthropic vs Baseten: Culture & Glassdoor Compared | JobsByCulture,text/html; charset=utf-8,false,200,0,https://jobsbyculture.com/sitemap.xml,0,0,0,0,0,0,0,0
20,https://jobsbyculture.com/compare/datadog-vs-linear,Datadog vs Linear: Culture & Glassdoor Compared | JobsByCulture,text/html; charset=utf-8,false,200,0,https://jobsbyculture.com/sitemap.xml,0,0,0,0,0,0,0,0
20,https://jobsbyculture.com/compare/baseten-vs-modal,Baseten vs Modal: Culture & Glassdoor Compared | JobsByCulture,text/html; charset=utf-8,false,200,0,https://jobsbyculture.com/sitemap.xml,0,0,0,0,0,0,0,0
20,https://jobsbyculture.com/compare/baseten-vs-openai,Baseten vs OpenAI: Culture & Glassdoor Compared | JobsByCulture,text/html; charset=utf-8,false,200,0,https://jobsbyculture.com/sitemap.xml,0,0,0,0,0,0,0,0
20,https://jobsbyculture.com/roles/transparent/support,Transparent Support Jobs | AI & Tech Companies | JobsByCulture,text/html; charset=utf-8,false,200,0,https://jobsbyculture.com/sitemap.xml,0,0,0,0,0,0,0,0
20,https://jobsbyculture.com/compare/baseten-vs-mistral,Baseten vs Mistral AI: Culture & Glassdoor Compared | JobsByCulture,text/html; charset=utf-8,false,200,0,https://jobsbyculture.com/sitemap.xml,0,0,0,0,0,0,0,0
20,https://jobsbyculture.com/compare/fireworksai-vs-huggingface,Fireworks AI vs Hugging Face: Culture & Glassdoor Compared | JobsByCulture,text/html; charset=utf-8,false,200,0,https://jobsbyculture.com/sitemap.xml,0,0,0,0,0,0,0,0
20,https://jobsbyculture.com/roles/ship-fast/support,Ship Fast & Iterate Support Jobs | AI & Tech Companies | JobsByCulture,text/html; charset=utf-8,false,200,0,https://jobsbyculture.com/sitemap.xml,0,0,0,0,0,0,0,0
20,https://jobsbyculture.com/compare/crusoe-vs-posthog,Crusoe vs PostHog: Culture & Glassdoor Compared | JobsByCulture,text/html; charset=utf-8,false,200,0,https://jobsbyculture.com/sitemap.xml,0,0,0,0,0,0,0,0
20,https://jobsbyculture.com/compare/cloudflare-vs-vercel,Cloudflare vs Vercel: Culture & Glassdoor Compared | JobsByCulture,text/html; charset=utf-8,false,200,0,https://jobsbyculture.com/sitemap.xml,0,0,0,0,0,0,0,0
20,https://jobsbyculture.com/compare/datadog-vs-posthog,Datadog vs PostHog: Culture & Glassdoor Compared | JobsByCulture,text/html; charset=utf-8,false,200,0,https://jobsbyculture.com/sitemap.xml,0,0,0,0,0,0,0,0
20,https://jobsbyculture.com/roles/flat/operations,Flat Hierarchy Operations Jobs | AI & Tech Companies | JobsByCulture,text/html; charset=utf-8,false,200,0,https://jobsbyculture.com/sitemap.xml,0,0,0,0,0,0,0,0
20,https://jobsbyculture.com/compare/datadog-vs-figma,Datadog vs Figma: Culture & Glassdoor Compared | JobsByCulture,text/html; charset=utf-8,false,200,0,https://jobsbyculture.com/sitemap.xml,0,0,0,0,0,0,0,0
20,https://jobsbyculture.com/compare/cloudflare-vs-plaid,Cloudflare vs Plaid: Culture & Glassdoor Compared | JobsByCulture,text/html; charset=utf-8,false,200,0,https://jobsbyculture.com/sitemap.xml,0,0,0,0,0,0,0,0
20,https://jobsbyculture.com/compare/baseten-vs-brex,Baseten vs Brex: Culture & Glassdoor Compared | JobsByCulture,text/html; charset=utf-8,false,200,0,https://jobsbyculture.com/sitemap.xml,0,0,0,0,0,0,0,0
20,https://jobsbyculture.com/compare/baseten-vs-figma,Baseten vs Figma: Culture & Glassdoor Compared | JobsByCulture,text/html; charset=utf-8,false,200,0,https://jobsbyculture.com/sitemap.xml,0,0,0,0,0,0,0,0
20,https://jobsbyculture.com/compare/crusoe-vs-mercury,Crusoe vs Mercury: Culture & Glassdoor Compared | JobsByCulture,text/html; charset=utf-8,false,200,0,https://jobsbyculture.com/sitemap.xml,0,0,0,0,0,0,0,0
20,https://jobsbyculture.com/compare/baseten-vs-incidentio,Baseten vs incident.io: Culture & Glassdoor Compared | JobsByCulture,text/html; charset=utf-8,false,200,0,https://jobsbyculture.com/sitemap.xml,0,0,0,0,0,0,0,0
20,https://jobsbyculture.com/compare/elevenlabs-vs-fireworksai,ElevenLabs vs Fireworks AI: Culture & Glassdoor Compared | JobsByCulture,text/html; charset=utf-8,false,200,0,https://jobsbyculture.com/sitemap.xml,0,0,0,0,0,0,0,0
20,https://jobsbyculture.com/roles/psych-safety/operations,Safe to Fail Operations Jobs | AI & Tech Companies | JobsByCulture,text/html; charset=utf-8,false,200,0,https://jobsbyculture.com/sitemap.xml,0,0,0,0,0,0,0,0
20,https://jobsbyculture.com/compare/cursor-vs-datadog,Cursor (Anysphere) vs Datadog: Culture & Glassdoor Compared | JobsByCulture,text/html; charset=utf-8,false,200,0,https://jobsbyculture.com/sitemap.xml,0,0,0,0,0,0,0,0
20,https://jobsbyculture.com/compare/crusoe-vs-pylon,Crusoe vs Pylon: Culture & Glassdoor Compared | JobsByCulture,text/html; charset=utf-8,false,200,0,https://jobsbyculture.com/sitemap.xml,0,0,0,0,0,0,0,0
20,https://jobsbyculture.com/compare/crusoe-vs-deepmind,Crusoe vs Google DeepMind: Culture & Glassdoor Compared | JobsByCulture,text/html; charset=utf-8,false,200,0,https://jobsbyculture.com/sitemap.xml,0,0,0,0,0,0,0,0
20,https://jobsbyculture.com/compare/crusoe-vs-elevenlabs,Crusoe vs ElevenLabs: Culture & Glassdoor Compared | JobsByCulture,text/html; charset=utf-8,false,200,0,https://jobsbyculture.com/sitemap.xml,0,0,0,0,0,0,0,0
20,https://jobsbyculture.com/compare/fireworksai-vs-ramp,Fireworks AI vs Ramp: Culture & Glassdoor Compared | JobsByCulture,text/html; charset=utf-8,false,200,0,https://jobsbyculture.com/sitemap.xml,0,0,0,0,0,0,0,0
20,https://jobsbyculture.com/compare/fireworksai-vs-replit,Fireworks AI vs Replit: Culture & Glassdoor Compared | JobsByCulture,text/html; charset=utf-8,false,200,0,https://jobsbyculture.com/sitemap.xml,0,0,0,0,0,0,0,0
20,https://jobsbyculture.com/compare/baseten-vs-grafanalabs,Baseten vs Grafana Labs: Culture & Glassdoor Compared | JobsByCulture,text/html; charset=utf-8,false,200,0,https://jobsbyculture.com/sitemap.xml,0,0,0,0,0,0,0,0
20,https://jobsbyculture.com/roles/flat/support,Flat Hierarchy Support Jobs | AI & Tech Companies | JobsByCulture,text/html; charset=utf-8,false,200,0,https://jobsbyculture.com/sitemap.xml,0,0,0,0,0,0,0,0
20,https://jobsbyculture.com/compare/cloudflare-vs-grafanalabs,Cloudflare vs Grafana Labs: Culture & Glassdoor Compared | JobsByCulture,text/html; charset=utf-8,false,200,0,https://jobsbyculture.com/sitemap.xml,0,0,0,0,0,0,0,0
20,https://jobsbyculture.com/compare/cloudflare-vs-vast,Cloudflare vs Vast AI: Culture & Glassdoor Compared | JobsByCulture,text/html; charset=utf-8,false,200,0,https://jobsbyculture.com/sitemap.xml,0,0,0,0,0,0,0,0
20,https://jobsbyculture.com/compare/datadog-vs-perplexity,Datadog vs Perplexity AI: Culture & Glassdoor Compared | JobsByCulture,text/html; charset=utf-8,false,200,0,https://jobsbyculture.com/sitemap.xml,0,0,0,0,0,0,0,0
20,https://jobsbyculture.com/compare/datadog-vs-elevenlabs,Datadog vs ElevenLabs: Culture & Glassdoor Compared | JobsByCulture,text/html; charset=utf-8,false,200,0,https://jobsbyculture.com/sitemap.xml,0,0,0,0,0,0,0,0
20,https://jobsbyculture.com/compare/cloudflare-vs-scale,Cloudflare vs Scale AI: Culture & Glassdoor Compared | JobsByCulture,text/html; charset=utf-8,false,200,0,https://jobsbyculture.com/sitemap.xml,0,0,0,0,0,0,0,0
20,https://jobsbyculture.com/compare/crusoe-vs-together,Crusoe vs Together AI: Culture & Glassdoor Compared | JobsByCulture,text/html; charset=utf-8,false,200,0,https://jobsbyculture.com/sitemap.xml,0,0,0,0,0,0,0,0
20,https://jobsbyculture.com/compare/cloudflare-vs-suno,Cloudflare vs Suno: Culture & Glassdoor Compared | JobsByCulture,text/html; charset=utf-8,false,200,0,https://jobsbyculture.com/sitemap.xml,0,0,0,0,0,0,0,0
20,https://jobsbyculture.com/compare/crusoe-vs-suno,Crusoe vs Suno: Culture & Glassdoor Compared | JobsByCulture,text/html; charset=utf-8,false,200,0,https://jobsbyculture.com/sitemap.xml,0,0,0,0,0,0,0,0
20,https://jobsbyculture.com/compare/cloudflare-vs-runway,Cloudflare vs Runway: Culture & Glassdoor Compared | JobsByCulture,text/html; charset=utf-8,false,200,0,https://jobsbyculture.com/sitemap.xml,0,0,0,0,0,0,0,0
20,https://jobsbyculture.com/compare/baseten-vs-deepmind,Baseten vs Google DeepMind: Culture & Glassdoor Compared | JobsByCulture,text/html; charset=utf-8,false,200,0,https://jobsbyculture.com/sitemap.xml,0,0,0,0,0,0,0,0
20,https://jobsbyculture.com/roles/deep-work/operations,Deep Work / Low Meetings Operations Jobs | AI & Tech Companies | JobsByCulture,text/html; charset=utf-8,false,200,0,https://jobsbyculture.com/sitemap.xml,0,0,0,0,0,0,0,0
20,https://jobsbyculture.com/compare/airtable-vs-fireworksai,Airtable vs Fireworks AI: Culture & Glassdoor Compared | JobsByCulture,text/html; charset=utf-8,false,200,0,https://jobsbyculture.com/sitemap.xml,0,0,0,0,0,0,0,0
20,https://jobsbyculture.com/roles/open-source/data,Open Source Data Jobs | AI & Tech Companies | JobsByCulture,text/html; charset=utf-8,false,200,0,https://jobsbyculture.com/sitemap.xml,0,0,0,0,0,0,0,0
20,https://jobsbyculture.com/compare/datadog-vs-notion,Datadog vs Notion: Culture & Glassdoor Compared | JobsByCulture,text/html; charset=utf-8,false,200,0,https://jobsbyculture.com/sitemap.xml,0,0,0,0,0,0,0,0
20,https://jobsbyculture.com/compare/airbnb-vs-datadog,Airbnb vs Datadog: Culture & Glassdoor Compared | JobsByCulture,text/html; charset=utf-8,false,200,0,https://jobsbyculture.com/sitemap.xml,0,0,0,0,0,0,0,0
20,https://jobsbyculture.com/compare/fireworksai-vs-vast,Fireworks AI vs Vast AI: Culture & Glassdoor Compared | JobsByCulture,text/html; charset=utf-8,false,200,0,https://jobsbyculture.com/sitemap.xml,0,0,0,0,0,0,0,0
20,https://jobsbyculture.com/compare/crusoe-vs-ramp,Crusoe vs Ramp: Culture & Glassdoor Compared | JobsByCulture,text/html; charset=utf-8,false,200,0,https://jobsbyculture.com/sitemap.xml,0,0,0,0,0,0,0,0
20,https://jobsbyculture.com/compare/baseten-vs-perplexity,Baseten vs Perplexity AI: Culture & Glassdoor Compared | JobsByCulture,text/html; charset=utf-8,false,200,0,https://jobsbyculture.com/sitemap.xml,0,0,0,0,0,0,0,0
20,https://jobsbyculture.com/compare/cloudflare-vs-fireworksai,Cloudflare vs Fireworks AI: Culture & Glassdoor Compared | JobsByCulture,text/html; charset=utf-8,false,200,0,https://jobsbyculture.com/sitemap.xml,0,0,0,0,0,0,0,0
20,https://jobsbyculture.com/roles/wlb/hr-people,Work-Life Balance HR / People Jobs | AI & Tech Companies | JobsByCulture,text/html; charset=utf-8,false,200,0,https://jobsbyculture.com/sitemap.xml,0,0,0,0,0,0,0,0
20,https://jobsbyculture.com/compare/cloudflare-vs-ramp,Cloudflare vs Ramp: Culture & Glassdoor Compared | JobsByCulture,text/html; charset=utf-8,false,200,0,https://jobsbyculture.com/sitemap.xml,0,0,0,0,0,0,0,0
20,https://jobsbyculture.com/compare/cohere-vs-crusoe,Cohere vs Crusoe: Culture & Glassdoor Compared | JobsByCulture,text/html; charset=utf-8,false,200,0,https://jobsbyculture.com/sitemap.xml,0,0,0,0,0,0,0,0
20,https://jobsbyculture.com/compare/fireworksai-vs-suno,Fireworks AI vs Suno: Culture & Glassdoor Compared | JobsByCulture,text/html; charset=utf-8,false,200,0,https://jobsbyculture.com/sitemap.xml,0,0,0,0,0,0,0,0
20,https://jobsbyculture.com/roles/wlb/legal,Work-Life Balance Legal Jobs | AI & Tech Companies | JobsByCulture,text/html; charset=utf-8,false,200,0,https://jobsbyculture.com/sitemap.xml,0,0,0,0,0,0,0,0
20,https://jobsbyculture.com/roles/transparent/ml-ai,Transparent ML / AI Jobs | AI & Tech Companies | JobsByCulture,text/html; charset=utf-8,false,200,0,https://jobsbyculture.com/sitemap.xml,0,0,0,0,0,0,0,0
20,https://jobsbyculture.com/compare/fireworksai-vs-vercel,Fireworks AI vs Vercel: Culture & Glassdoor Compared | JobsByCulture,text/html; charset=utf-8,false,200,0,https://jobsbyculture.com/sitemap.xml,0,0,0,0,0,0,0,0
20,https://jobsbyculture.com/roles/diverse/legal,Diverse & Inclusive Legal Jobs | AI & Tech Companies | JobsByCulture,text/html; charset=utf-8,false,200,0,https://jobsbyculture.com/sitemap.xml,0,0,0,0,0,0,0,0
20,https://jobsbyculture.com/compare/anthropic-vs-cloudflare,Anthropic vs Cloudflare: Culture & Glassdoor Compared | JobsByCulture,text/html; charset=utf-8,false,200,0,https://jobsbyculture.com/sitemap.xml,0,0,0,0,0,0,0,0
20,https://jobsbyculture.com/compare/cloudflare-vs-incidentio,Cloudflare vs incident.io: Culture & Glassdoor Compared | JobsByCulture,text/html; charset=utf-8,false,200,0,https://jobsbyculture.com/sitemap.xml,0,0,0,0,0,0,0,0
20,https://jobsbyculture.com/compare/databricks-vs-datadog,Databricks vs Datadog: Culture & Glassdoor Compared | JobsByCulture,text/html; charset=utf-8,false,200,0,https://jobsbyculture.com/sitemap.xml,0,0,0,0,0,0,0,0
20,https://jobsbyculture.com/compare/apollo-vs-cloudflare,Apollo.io vs Cloudflare: Culture & Glassdoor Compared | JobsByCulture,text/html; charset=utf-8,false,200,0,https://jobsbyculture.com/sitemap.xml,0,0,0,0,0,0,0,0
20,https://jobsbyculture.com/compare/datadog-vs-weaviate,Datadog vs Weaviate: Culture & Glassdoor Compared | JobsByCulture,text/html; charset=utf-8,false,200,0,https://jobsbyculture.com/sitemap.xml,0,0,0,0,0,0,0,0
20,https://jobsbyculture.com/compare/cloudflare-vs-huggingface,Cloudflare vs Hugging Face: Culture & Glassdoor Compared | JobsByCulture,text/html; charset=utf-8,false,200,0,https://jobsbyculture.com/sitemap.xml,0,0,0,0,0,0,0,0
20,https://jobsbyculture.com/compare/baseten-vs-replit,Baseten vs Replit: Culture & Glassdoor Compared | JobsByCulture,text/html; charset=utf-8,false,200,0,https://jobsbyculture.com/sitemap.xml,0,0,0,0,0,0,0,0
20,https://jobsbyculture.com/roles/flat/hr-people,Flat Hierarchy HR / People Jobs | AI & Tech Companies | JobsByCulture,text/html; charset=utf-8,false,200,0,https://jobsbyculture.com/sitemap.xml,0,0,0,0,0,0,0,0
20,https://jobsbyculture.com/compare/fireworksai-vs-langchain,Fireworks AI vs LangChain: Culture & Glassdoor Compared | JobsByCulture,text/html; charset=utf-8,false,200,0,https://jobsbyculture.com/sitemap.xml,0,0,0,0,0,0,0,0
20,https://jobsbyculture.com/compare/crusoe-vs-openai,Crusoe vs OpenAI: Culture & Glassdoor Compared | JobsByCulture,text/html; charset=utf-8,false,200,0,https://jobsbyculture.com/sitemap.xml,0,0,0,0,0,0,0,0
20,https://jobsbyculture.com/compare/crusoe-vs-replit,Crusoe vs Replit: Culture & Glassdoor Compared | JobsByCulture,text/html; charset=utf-8,false,200,0,https://jobsbyculture.com/sitemap.xml,0,0,0,0,0,0,0,0
20,https://jobsbyculture.com/compare/crusoe-vs-hubspot,Crusoe vs HubSpot: Culture & Glassdoor Compared | JobsByCulture,text/html; charset=utf-8,false,200,0,https://jobsbyculture.com/sitemap.xml,0,0,0,0,0,0,0,0
20,https://jobsbyculture.com/compare/baseten-vs-posthog,Baseten vs PostHog: Culture & Glassdoor Compared | JobsByCulture,text/html; charset=utf-8,false,200,0,https://jobsbyculture.com/sitemap.xml,0,0,0,0,0,0,0,0
20,https://jobsbyculture.com/compare/cloudflare-vs-linear,Cloudflare vs Linear: Culture & Glassdoor Compared | JobsByCulture,text/html; charset=utf-8,false,200,0,https://jobsbyculture.com/sitemap.xml,0,0,0,0,0,0,0,0
20,https://jobsbyculture.com/compare/airtable-vs-baseten,Airtable vs Baseten: Culture & Glassdoor Compared | JobsByCulture,text/html; charset=utf-8,false,200,0,https://jobsbyculture.com/sitemap.xml,0,0,0,0,0,0,0,0
20,https://jobsbyculture.com/compare/brex-vs-crusoe,Brex vs Crusoe: Culture & Glassdoor Compared | JobsByCulture,text/html; charset=utf-8,false,200,0,https://jobsbyculture.com/sitemap.xml,0,0,0,0,0,0,0,0
20,https://jobsbyculture.com/compare/datadog-vs-grafanalabs,Datadog vs Grafana Labs: Culture & Glassdoor Compared | JobsByCulture,text/html; charset=utf-8,false,200,0,https://jobsbyculture.com/sitemap.xml,0,0,0,0,0,0,0,0
20,https://jobsbyculture.com/compare/cloudflare-vs-hubspot,Cloudflare vs HubSpot: Culture & Glassdoor Compared | JobsByCulture,text/html; charset=utf-8,false,200,0,https://jobsbyculture.com/sitemap.xml,0,0,0,0,0,0,0,0
20,https://jobsbyculture.com/compare/fireworksai-vs-supabase,Fireworks AI vs Supabase: Culture & Glassdoor Compared | JobsByCulture,text/html; charset=utf-8,false,200,0,https://jobsbyculture.com/sitemap.xml,0,0,0,0,0,0,0,0
20,https://jobsbyculture.com/compare/coreweave-vs-datadog,CoreWeave vs Datadog: Culture & Glassdoor Compared | JobsByCulture,text/html; charset=utf-8,false,200,0,https://jobsbyculture.com/sitemap.xml,0,0,0,0,0,0,0,0
20,https://jobsbyculture.com/compare/baseten-vs-stripe,Baseten vs Stripe: Culture & Glassdoor Compared | JobsByCulture,text/html; charset=utf-8,false,200,0,https://jobsbyculture.com/sitemap.xml,0,0,0,0,0,0,0,0
20,https://jobsbyculture.com/compare/datadog-vs-scale,Datadog vs Scale AI: Culture & Glassdoor Compared | JobsByCulture,text/html; charset=utf-8,false,200,0,https://jobsbyculture.com/sitemap.xml,0,0,0,0,0,0,0,0
20,https://jobsbyculture.com/roles/open-source/finance,Open Source Finance Jobs | AI & Tech Companies | JobsByCulture,text/html; charset=utf-8,false,200,0,https://jobsbyculture.com/sitemap.xml,0,0,0,0,0,0,0,0
20,https://jobsbyculture.com/compare/baseten-vs-cloudflare,Baseten vs Cloudflare: Culture & Glassdoor Compared | JobsByCulture,text/html; charset=utf-8,false,200,0,https://jobsbyculture.com/sitemap.xml,0,0,0,0,0,0,0,0
20,https://jobsbyculture.com/compare/fireworksai-vs-pinecone,Fireworks AI vs Pinecone: Culture & Glassdoor Compared | JobsByCulture,text/html; charset=utf-8,false,200,0,https://jobsbyculture.com/sitemap.xml,0,0,0,0,0,0,0,0
20,https://jobsbyculture.com/compare/datadog-vs-langchain,Datadog vs LangChain: Culture & Glassdoor Compared | JobsByCulture,text/html; charset=utf-8,false,200,0,https://jobsbyculture.com/sitemap.xml,0,0,0,0,0,0,0,0
20,https://jobsbyculture.com/compare/cloudflare-vs-supabase,Cloudflare vs Supabase: Culture & Glassdoor Compared | JobsByCulture,text/html; charset=utf-8,false,200,0,https://jobsbyculture.com/sitemap.xml,0,0,0,0,0,0,0,0
20,https://jobsbyculture.com/compare/cloudflare-vs-datadog,Cloudflare vs Datadog: Culture & Glassdoor Compared | JobsByCulture,text/html; charset=utf-8,false,200,0,https://jobsbyculture.com/sitemap.xml,0,0,0,0,0,0,0,0
20,https://jobsbyculture.com/compare/crusoe-vs-mistral,Crusoe vs Mistral AI: Culture & Glassdoor Compared | JobsByCulture,text/html; charset=utf-8,false,200,0,https://jobsbyculture.com/sitemap.xml,0,0,0,0,0,0,0,0
20,https://jobsbyculture.com/compare/baseten-vs-pylon,Baseten vs Pylon: Culture & Glassdoor Compared | JobsByCulture,text/html; charset=utf-8,false,200,0,https://jobsbyculture.com/sitemap.xml,0,0,0,0,0,0,0,0
20,https://jobsbyculture.com/compare/cloudflare-vs-crusoe,Cloudflare vs Crusoe: Culture & Glassdoor Compared | JobsByCulture,text/html; charset=utf-8,false,200,0,https://jobsbyculture.com/sitemap.xml,0,0,0,0,0,0,0,0
20,https://jobsbyculture.com/roles/ethical-ai/support,Ethical AI / Safety Support Jobs | AI & Tech Companies | JobsByCulture,text/html; charset=utf-8,false,200,0,https://jobsbyculture.com/sitemap.xml,0,0,0,0,0,0,0,0
20,https://jobsbyculture.com/compare/baseten-vs-elevenlabs,Baseten vs ElevenLabs: Culture & Glassdoor Compared | JobsByCulture,text/html; charset=utf-8,false,200,0,https://jobsbyculture.com/sitemap.xml,0,0,0,0,0,0,0,0
20,https://jobsbyculture.com/compare/cloudflare-vs-figma,Cloudflare vs Figma: Culture & Glassdoor Compared | JobsByCulture,text/html; charset=utf-8,false,200,0,https://jobsbyculture.com/sitemap.xml,0,0,0,0,0,0,0,0
20,https://jobsbyculture.com/compare/baseten-vs-together,Baseten vs Together AI: Culture & Glassdoor Compared | JobsByCulture,text/html; charset=utf-8,false,200,0,https://jobsbyculture.com/sitemap.xml,0,0,0,0,0,0,0,0
20,https://jobsbyculture.com/compare/datadog-vs-mercury,Datadog vs Mercury: Culture & Glassdoor Compared | JobsByCulture,text/html; charset=utf-8,false,200,0,https://jobsbyculture.com/sitemap.xml,0,0,0,0,0,0,0,0
20,https://jobsbyculture.com/compare/baseten-vs-vast,Baseten vs Vast AI: Culture & Glassdoor Compared | JobsByCulture,text/html; charset=utf-8,false,200,0,https://jobsbyculture.com/sitemap.xml,0,0,0,0,0,0,0,0
20,https://jobsbyculture.com/compare/cloudflare-vs-perplexity,Cloudflare vs Perplexity AI: Culture & Glassdoor Compared | JobsByCulture,text/html; charset=utf-8,false,200,0,https://jobsbyculture.com/sitemap.xml,0,0,0,0,0,0,0,0
20,https://jobsbyculture.com/compare/cloudflare-vs-elevenlabs,Cloudflare vs ElevenLabs: Culture & Glassdoor Compared | JobsByCulture,text/html; charset=utf-8,false,200,0,https://jobsbyculture.com/sitemap.xml,0,0,0,0,0,0,0,0
20,https://jobsbyculture.com/compare/baseten-vs-scale,Baseten vs Scale AI: Culture & Glassdoor Compared | JobsByCulture,text/html; charset=utf-8,false,200,0,https://jobsbyculture.com/sitemap.xml,0,0,0,0,0,0,0,0
20,https://jobsbyculture.com/compare/cloudflare-vs-coreweave,Cloudflare vs CoreWeave: Culture & Glassdoor Compared | JobsByCulture,text/html; charset=utf-8,false,200,0,https://jobsbyculture.com/sitemap.xml,0,0,0,0,0,0,0,0
20,https://jobsbyculture.com/compare/crusoe-vs-figma,Crusoe vs Figma: Culture & Glassdoor Compared | JobsByCulture,text/html; charset=utf-8,false,200,0,https://jobsbyculture.com/sitemap.xml,0,0,0,0,0,0,0,0
20,https://jobsbyculture.com/compare/baseten-vs-supabase,Baseten vs Supabase: Culture & Glassdoor Compared | JobsByCulture,text/html; charset=utf-8,false,200,0,https://jobsbyculture.com/sitemap.xml,0,0,0,0,0,0,0,0
20,https://jobsbyculture.com/roles/wlb/finance,Work-Life Balance Finance Jobs | AI & Tech Companies | JobsByCulture,text/html; charset=utf-8,false,200,0,https://jobsbyculture.com/sitemap.xml,0,0,0,0,0,0,0,0
20,https://jobsbyculture.com/compare/baseten-vs-pinecone,Baseten vs Pinecone: Culture & Glassdoor Compared | JobsByCulture,text/html; charset=utf-8,false,200,0,https://jobsbyculture.com/sitemap.xml,0,0,0,0,0,0,0,0
20,https://jobsbyculture.com/compare/datadog-vs-plaid,Datadog vs Plaid: Culture & Glassdoor Compared | JobsByCulture,text/html; charset=utf-8,false,200,0,https://jobsbyculture.com/sitemap.xml,0,0,0,0,0,0,0,0
20,https://jobsbyculture.com/roles/social-impact/design,Mission-Driven Design Jobs | AI & Tech Companies | JobsByCulture,text/html; charset=utf-8,false,200,0,https://jobsbyculture.com/sitemap.xml,0,0,0,0,0,0,0,0
20,https://jobsbyculture.com/compare/datadog-vs-incidentio,Datadog vs incident.io: Culture & Glassdoor Compared | JobsByCulture,text/html; charset=utf-8,false,200,0,https://jobsbyculture.com/sitemap.xml,0,0,0,0,0,0,0,0
20,https://jobsbyculture.com/compare/brex-vs-cloudflare,Brex vs Cloudflare: Culture & Glassdoor Compared | JobsByCulture,text/html; charset=utf-8,false,200,0,https://jobsbyculture.com/sitemap.xml,0,0,0,0,0,0,0,0
20,https://jobsbyculture.com/compare/cloudflare-vs-openai,Cloudflare vs OpenAI: Culture & Glassdoor Compared | JobsByCulture,text/html; charset=utf-8,false,200,0,https://jobsbyculture.com/sitemap.xml,0,0,0,0,0,0,0,0
20,https://jobsbyculture.com/compare/crusoe-vs-runway,Crusoe vs Runway: Culture & Glassdoor Compared | JobsByCulture,text/html; charset=utf-8,false,200,0,https://jobsbyculture.com/sitemap.xml,0,0,0,0,0,0,0,0
20,https://jobsbyculture.com/compare/anthropic-vs-fireworksai,Anthropic vs Fireworks AI: Culture & Glassdoor Compared | JobsByCulture,text/html; charset=utf-8,false,200,0,https://jobsbyculture.com/sitemap.xml,0,0,0,0,0,0,0,0
20,https://jobsbyculture.com/compare/baseten-vs-notion,Baseten vs Notion: Culture & Glassdoor Compared | JobsByCulture,text/html; charset=utf-8,false,200,0,https://jobsbyculture.com/sitemap.xml,0,0,0,0,0,0,0,0
20,https://jobsbyculture.com/compare/crusoe-vs-perplexity,Crusoe vs Perplexity AI: Culture & Glassdoor Compared | JobsByCulture,text/html; charset=utf-8,false,200,0,https://jobsbyculture.com/sitemap.xml,0,0,0,0,0,0,0,0
20,https://jobsbyculture.com/roles/remote/legal,Remote-Friendly Legal Jobs | AI & Tech Companies | JobsByCulture,text/html; charset=utf-8,false,200,0,https://jobsbyculture.com/sitemap.xml,0,0,0,0,0,0,0,0
20,https://jobsbyculture.com/compare/baseten-vs-cursor,Baseten vs Cursor (Anysphere): Culture & Glassdoor Compared | JobsByCulture,text/html; charset=utf-8,false,200,0,https://jobsbyculture.com/sitemap.xml,0,0,0,0,0,0,0,0
20,https://jobsbyculture.com/compare/fireworksai-vs-grafanalabs,Fireworks AI vs Grafana Labs: Culture & Glassdoor Compared | JobsByCulture,text/html; charset=utf-8,false,200,0,https://jobsbyculture.com/sitemap.xml,0,0,0,0,0,0,0,0
20,https://jobsbyculture.com/compare/baseten-vs-weaviate,Baseten vs Weaviate: Culture & Glassdoor Compared | JobsByCulture,text/html; charset=utf-8,false,200,0,https://jobsbyculture.com/sitemap.xml,0,0,0,0,0,0,0,0
20,https://jobsbyculture.com/compare/datadog-vs-huggingface,Datadog vs Hugging Face: Culture & Glassdoor Compared | JobsByCulture,text/html; charset=utf-8,false,200,0,https://jobsbyculture.com/sitemap.xml,0,0,0,0,0,0,0,0
20,https://jobsbyculture.com/compare/datadog-vs-suno,Datadog vs Suno: Culture & Glassdoor Compared | JobsByCulture,text/html; charset=utf-8,false,200,0,https://jobsbyculture.com/sitemap.xml,0,0,0,0,0,0,0,0
20,https://jobsbyculture.com/compare/crusoe-vs-grafanalabs,Crusoe vs Grafana Labs: Culture & Glassdoor Compared | JobsByCulture,text/html; charset=utf-8,false,200,0,https://jobsbyculture.com/sitemap.xml,0,0,0,0,0,0,0,0
20,https://jobsbyculture.com/roles/social-impact/hr-people,Mission-Driven HR / People Jobs | AI & Tech Companies | JobsByCulture,text/html; charset=utf-8,false,200,0,https://jobsbyculture.com/sitemap.xml,0,0,0,0,0,0,0,0
20,https://jobsbyculture.com/compare/cloudflare-vs-cohere,Cloudflare vs Cohere: Culture & Glassdoor Compared | JobsByCulture,text/html; charset=utf-8,false,200,0,https://jobsbyculture.com/sitemap.xml,0,0,0,0,0,0,0,0
20,https://jobsbyculture.com/compare/apollo-vs-baseten,Apollo.io vs Baseten: Culture & Glassdoor Compared | JobsByCulture,text/html; charset=utf-8,false,200,0,https://jobsbyculture.com/sitemap.xml,0,0,0,0,0,0,0,0
20,https://jobsbyculture.com/compare/datadog-vs-vast,Datadog vs Vast AI: Culture & Glassdoor Compared | JobsByCulture,text/html; charset=utf-8,false,200,0,https://jobsbyculture.com/sitemap.xml,0,0,0,0,0,0,0,0
20,https://jobsbyculture.com/compare/crusoe-vs-stripe,Crusoe vs Stripe: Culture & Glassdoor Compared | JobsByCulture,text/html; charset=utf-8,false,200,0,https://jobsbyculture.com/sitemap.xml,0,0,0,0,0,0,0,0
20,https://jobsbyculture.com/compare/datadog-vs-pinecone,Datadog vs Pinecone: Culture & Glassdoor Compared | JobsByCulture,text/html; charset=utf-8,false,200,0,https://jobsbyculture.com/sitemap.xml,0,0,0,0,0,0,0,0
20,https://jobsbyculture.com/compare/crusoe-vs-tailscale,Crusoe vs Tailscale: Culture & Glassdoor Compared | JobsByCulture,text/html; charset=utf-8,false,200,0,https://jobsbyculture.com/sitemap.xml,0,0,0,0,0,0,0,0
20,https://jobsbyculture.com/compare/cloudflare-vs-deepmind,Cloudflare vs Google DeepMind: Culture & Glassdoor Compared | JobsByCulture,text/html; charset=utf-8,false,200,0,https://jobsbyculture.com/sitemap.xml,0,0,0,0,0,0,0,0
20,https://jobsbyculture.com/compare/cloudflare-vs-pylon,Cloudflare vs Pylon: Culture & Glassdoor Compared | JobsByCulture,text/html; charset=utf-8,false,200,0,https://jobsbyculture.com/sitemap.xml,0,0,0,0,0,0,0,0
20,https://jobsbyculture.com/compare/baseten-vs-suno,Baseten vs Suno: Culture & Glassdoor Compared | JobsByCulture,text/html; charset=utf-8,false,200,0,https://jobsbyculture.com/sitemap.xml,0,0,0,0,0,0,0,0
20,https://jobsbyculture.com/roles/diverse/finance,Diverse & Inclusive Finance Jobs | AI & Tech Companies | JobsByCulture,text/html; charset=utf-8,false,200,0,https://jobsbyculture.com/sitemap.xml,0,0,0,0,0,0,0,0
20,https://jobsbyculture.com/compare/baseten-vs-huggingface,Baseten vs Hugging Face: Culture & Glassdoor Compared | JobsByCulture,text/html; charset=utf-8,false,200,0,https://jobsbyculture.com/sitemap.xml,0,0,0,0,0,0,0,0
20,https://jobsbyculture.com/roles/ethical-ai/hr-people,Ethical AI / Safety HR / People Jobs | AI & Tech Companies | JobsByCulture,text/html; charset=utf-8,false,200,0,https://jobsbyculture.com/sitemap.xml,0,0,0,0,0,0,0,0
20,https://jobsbyculture.com/compare/airbnb-vs-crusoe,Airbnb vs Crusoe: Culture & Glassdoor Compared | JobsByCulture,text/html; charset=utf-8,false,200,0,https://jobsbyculture.com/sitemap.xml,0,0,0,0,0,0,0,0
20,https://jobsbyculture.com/compare/baseten-vs-crusoe,Baseten vs Crusoe: Culture & Glassdoor Compared | JobsByCulture,text/html; charset=utf-8,false,200,0,https://jobsbyculture.com/sitemap.xml,0,0,0,0,0,0,0,0
20,https://jobsbyculture.com/compare/crusoe-vs-weaviate,Crusoe vs Weaviate: Culture & Glassdoor Compared | JobsByCulture,text/html; charset=utf-8,false,200,0,https://jobsbyculture.com/sitemap.xml,0,0,0,0,0,0,0,0
20,https://jobsbyculture.com/compare/brex-vs-fireworksai,Brex vs Fireworks AI: Culture & Glassdoor Compared | JobsByCulture,text/html; charset=utf-8,false,200,0,https://jobsbyculture.com/sitemap.xml,0,0,0,0,0,0,0,0
20,https://jobsbyculture.com/compare/baseten-vs-runway,Baseten vs Runway: Culture & Glassdoor Compared | JobsByCulture,text/html; charset=utf-8,false,200,0,https://jobsbyculture.com/sitemap.xml,0,0,0,0,0,0,0,0
20,https://jobsbyculture.com/compare/apollo-vs-crusoe,Apollo.io vs Crusoe: Culture & Glassdoor Compared | JobsByCulture,text/html; charset=utf-8,false,200,0,https://jobsbyculture.com/sitemap.xml,0,0,0,0,0,0,0,0
20,https://jobsbyculture.com/compare/baseten-vs-tailscale,Baseten vs Tailscale: Culture & Glassdoor Compared | JobsByCulture,text/html; charset=utf-8,false,200,0,https://jobsbyculture.com/sitemap.xml,0,0,0,0,0,0,0,0
20,https://jobsbyculture.com/compare/fireworksai-vs-stripe,Fireworks AI vs Stripe: Culture & Glassdoor Compared | JobsByCulture,text/html; charset=utf-8,false,200,0,https://jobsbyculture.com/sitemap.xml,0,0,0,0,0,0,0,0
20,https://jobsbyculture.com/compare/fireworksai-vs-together,Fireworks AI vs Together AI: Culture & Glassdoor Compared | JobsByCulture,text/html; charset=utf-8,false,200,0,https://jobsbyculture.com/sitemap.xml,0,0,0,0,0,0,0,0
20,https://jobsbyculture.com/compare/fireworksai-vs-perplexity,Fireworks AI vs Perplexity AI: Culture & Glassdoor Compared | JobsByCulture,text/html; charset=utf-8,false,200,0,https://jobsbyculture.com/sitemap.xml,0,0,0,0,0,0,0,0
20,https://jobsbyculture.com/compare/apollo-vs-datadog,Apollo.io vs Datadog: Culture & Glassdoor Compared | JobsByCulture,text/html; charset=utf-8,false,200,0,https://jobsbyculture.com/sitemap.xml,0,0,0,0,0,0,0,0
20,https://jobsbyculture.com/roles/flex-hours/hr-people,Flexible Hours HR / People Jobs | AI & Tech Companies | JobsByCulture,text/html; charset=utf-8,false,200,0,https://jobsbyculture.com/sitemap.xml,0,0,0,0,0,0,0,0
20,https://jobsbyculture.com/compare/baseten-vs-langchain,Baseten vs LangChain: Culture & Glassdoor Compared | JobsByCulture,text/html; charset=utf-8,false,200,0,https://jobsbyculture.com/sitemap.xml,0,0,0,0,0,0,0,0
20,https://jobsbyculture.com/roles/deep-work/data,Deep Work / Low Meetings Data Jobs | AI & Tech Companies | JobsByCulture,text/html; charset=utf-8,false,200,0,https://jobsbyculture.com/sitemap.xml,0,0,0,0,0,0,0,0
20,https://jobsbyculture.com/roles/remote/operations,Remote-Friendly Operations Jobs | AI & Tech Companies | JobsByCulture,text/html; charset=utf-8,false,200,0,https://jobsbyculture.com/sitemap.xml,0,0,0,0,0,0,0,0
20,https://jobsbyculture.com/compare/datadog-vs-pylon,Datadog vs Pylon: Culture & Glassdoor Compared | JobsByCulture,text/html; charset=utf-8,false,200,0,https://jobsbyculture.com/sitemap.xml,0,0,0,0,0,0,0,0
20,https://jobsbyculture.com/compare/cloudflare-vs-modal,Cloudflare vs Modal: Culture & Glassdoor Compared | JobsByCulture,text/html; charset=utf-8,false,200,0,https://jobsbyculture.com/sitemap.xml,0,0,0,0,0,0,0,0
