Link type,Is nofollow,Source URL,Source HTTP status code,Target URL,Target HTTP status code,Anchor,No. of dofollow inlinks to target,No. of nofollow inlinks to target,Is source canonical,Is source noindex,Is target canonical,Is target noindex,Is link internal
Href link,false,https://jobsbyculture.com/roles/many-hats/legal,200,https://jobsbyculture.com/jobs?value=many-hats&role=legal,200,View all 34 jobs →,1,0,true,false,false,false,true
Href link,false,https://jobsbyculture.com/locations/chicago/product,200,https://jobsbyculture.com/jobs?search=Chicago&role=product,200,View all 6 product jobs →,1,0,true,false,false,false,true
Href link,false,https://jobsbyculture.com/roles/remote/engineering,200,https://jobsbyculture.com/jobs?value=remote&role=engineering,200,View all 426 jobs →,1,0,true,false,false,false,true
Href link,false,https://jobsbyculture.com/locations/sydney/engineering,200,https://jobsbyculture.com/jobs?search=Sydney&role=engineering,200,View all 6 engineering jobs →,1,0,true,false,false,false,true
Href link,false,https://jobsbyculture.com/locations/san-francisco/ml-ai,200,https://jobsbyculture.com/jobs?search=San%20Francisco%20Bay%20Area&role=ml-ai,200,View all 154 ml / ai jobs →,1,0,true,false,false,false,true
Href link,false,https://jobsbyculture.com/locations/london/engineering,200,https://jobsbyculture.com/jobs?search=London&role=engineering,200,View all 78 engineering jobs →,1,0,true,false,false,false,true
Href link,false,https://jobsbyculture.com/roles/many-hats/hr-people,200,https://jobsbyculture.com/jobs?value=many-hats&role=hr-people,200,View all 36 jobs →,1,0,true,false,false,false,true
Href link,false,https://jobsbyculture.com/roles/product-impact/hr-people,200,https://jobsbyculture.com/jobs?value=product-impact&role=hr-people,200,View all 113 jobs →,1,0,true,false,false,false,true
Href link,false,https://jobsbyculture.com/roles/marketing,200,https://jobsbyculture.com/jobs?role=marketing,200,View all 309 jobs →,1,0,true,false,false,false,true
Href link,false,https://jobsbyculture.com/locations/tokyo/sales,200,https://jobsbyculture.com/jobs?search=Tokyo&role=sales,200,View all 90 sales / gtm jobs →,1,0,true,false,false,false,true
Href link,false,https://jobsbyculture.com/locations/new-york/product,200,https://jobsbyculture.com/jobs?search=New%20York%20City&role=product,200,View all 116 product jobs →,1,0,true,false,false,false,true
Href link,false,https://jobsbyculture.com/roles/diverse/data,200,https://jobsbyculture.com/jobs?value=diverse&role=data,200,View all 62 jobs →,1,0,true,false,false,false,true
Href link,false,https://jobsbyculture.com/directory,200,https://jobsbyculture.com/compare?a=cohere,200,Compare →,1,0,true,false,false,false,true
Href link,false,https://jobsbyculture.com/roles/remote/legal,200,https://jobsbyculture.com/jobs?value=remote&role=legal,200,View all 25 jobs →,1,0,true,false,false,false,true
Href link,false,https://jobsbyculture.com/roles/diverse/marketing,200,https://jobsbyculture.com/jobs?value=diverse&role=marketing,200,View all 52 jobs →,1,0,true,false,false,false,true
Href link,false,https://jobsbyculture.com/roles/psych-safety/support,200,https://jobsbyculture.com/jobs?value=psych-safety&role=support,200,View all 7 jobs →,1,0,true,false,false,false,true
Href link,false,https://jobsbyculture.com/roles/open-source/marketing,200,https://jobsbyculture.com/jobs?value=open-source&role=marketing,200,View all 52 jobs →,1,0,true,false,false,false,true
Href link,false,https://jobsbyculture.com/roles/diverse/finance,200,https://jobsbyculture.com/jobs?value=diverse&role=finance,200,View all 25 jobs →,1,0,true,false,false,false,true
Href link,false,https://jobsbyculture.com/seniority/senior/operations,200,https://jobsbyculture.com/jobs?seniority=senior&role=operations,200,View all 8 jobs →,1,0,true,false,false,false,true
Href link,false,https://jobsbyculture.com/roles/eng-driven/product,200,https://jobsbyculture.com/jobs?value=eng-driven&role=product,200,View all 384 jobs →,1,0,true,false,false,false,true
Href link,false,https://jobsbyculture.com/roles/many-hats/marketing,200,https://jobsbyculture.com/jobs?value=many-hats&role=marketing,200,View all 59 jobs →,1,0,true,false,false,false,true
Href link,false,https://jobsbyculture.com/roles/wlb/design,200,https://jobsbyculture.com/jobs?value=wlb&role=design,200,View all 26 jobs →,1,0,true,false,false,false,true
Href link,false,https://jobsbyculture.com/roles/diverse/operations,200,https://jobsbyculture.com/jobs?value=diverse&role=operations,200,View all 40 jobs →,1,0,true,false,false,false,true
Href link,false,https://jobsbyculture.com/roles/ship-fast/design,200,https://jobsbyculture.com/jobs?value=ship-fast&role=design,200,View all 72 jobs →,1,0,true,false,false,false,true
Href link,false,https://jobsbyculture.com/locations/san-francisco/finance,200,https://jobsbyculture.com/jobs?search=San%20Francisco%20Bay%20Area&role=finance,200,View all 81 finance jobs →,1,0,true,false,false,false,true
Href link,false,https://jobsbyculture.com/locations/paris/ml-ai,200,https://jobsbyculture.com/jobs?search=Paris&role=ml-ai,200,View all 17 ml / ai jobs →,1,0,true,false,false,false,true
Href link,false,https://jobsbyculture.com/seniority/mid/design,200,https://jobsbyculture.com/jobs?seniority=mid&role=design,200,View all 45 jobs →,1,0,true,false,false,false,true
Href link,false,https://jobsbyculture.com/directory,200,https://jobsbyculture.com/compare?a=cloudflare,200,Compare →,1,0,true,false,false,false,true
Href link,false,https://jobsbyculture.com/roles/ethical-ai/product,200,https://jobsbyculture.com/jobs?value=ethical-ai&role=product,200,View all 92 jobs →,1,0,true,false,false,false,true
Href link,false,https://jobsbyculture.com/roles/eng-driven/marketing,200,https://jobsbyculture.com/jobs?value=eng-driven&role=marketing,200,View all 292 jobs →,1,0,true,false,false,false,true
Href link,false,https://jobsbyculture.com/seniority/mid/sales,200,https://jobsbyculture.com/jobs?seniority=mid&role=sales,200,View all 1056 jobs →,1,0,true,false,false,false,true
Href link,false,https://jobsbyculture.com/locations/london/operations,200,https://jobsbyculture.com/jobs?search=London&role=operations,200,View all 7 operations jobs →,1,0,true,false,false,false,true
Href link,false,https://jobsbyculture.com/roles/deep-work/marketing,200,https://jobsbyculture.com/jobs?value=deep-work&role=marketing,200,View all 14 jobs →,1,0,true,false,false,false,true
Href link,false,https://jobsbyculture.com/roles/social-impact/product,200,https://jobsbyculture.com/jobs?value=social-impact&role=product,200,View all 46 jobs →,1,0,true,false,false,false,true
Href link,false,https://jobsbyculture.com/roles/diverse/design,200,https://jobsbyculture.com/jobs?value=diverse&role=design,200,View all 40 jobs →,1,0,true,false,false,false,true
Href link,false,https://jobsbyculture.com/roles/product-impact/sales,200,https://jobsbyculture.com/jobs?value=product-impact&role=sales,200,View all 1440 jobs →,1,0,true,false,false,false,true
Href link,false,https://jobsbyculture.com/locations/dublin/legal,200,https://jobsbyculture.com/jobs?search=Dublin&role=legal,200,View all 5 legal jobs →,1,0,true,false,false,false,true
Href link,false,https://jobsbyculture.com/directory,200,https://jobsbyculture.com/compare?a=suno,200,Compare →,1,0,true,false,false,false,true
Href link,false,https://jobsbyculture.com/roles/flat/marketing,200,https://jobsbyculture.com/jobs?value=flat&role=marketing,200,View all 50 jobs →,1,0,true,false,false,false,true
Href link,false,https://jobsbyculture.com/roles/flat/sales,200,https://jobsbyculture.com/jobs?value=flat&role=sales,200,View all 244 jobs →,1,0,true,false,false,false,true
Href link,false,https://jobsbyculture.com/roles/wlb/data,200,https://jobsbyculture.com/jobs?value=wlb&role=data,200,View all 20 jobs →,1,0,true,false,false,false,true
Href link,false,https://jobsbyculture.com/roles/diverse/product,200,https://jobsbyculture.com/jobs?value=diverse&role=product,200,View all 121 jobs →,1,0,true,false,false,false,true
Href link,false,https://jobsbyculture.com/roles/learning/support,200,https://jobsbyculture.com/jobs?value=learning&role=support,200,View all 32 jobs →,1,0,true,false,false,false,true
Href link,false,https://jobsbyculture.com/locations/london/marketing,200,https://jobsbyculture.com/jobs?search=London&role=marketing,200,View all 15 marketing jobs →,1,0,true,false,false,false,true
Href link,false,https://jobsbyculture.com/locations/toronto/ml-ai,200,https://jobsbyculture.com/jobs?search=Toronto&role=ml-ai,200,View all 5 ml / ai jobs →,1,0,true,false,false,false,true
Href link,false,https://jobsbyculture.com/locations/new-york/sales,200,https://jobsbyculture.com/jobs?search=New%20York%20City&role=sales,200,View all 252 sales / gtm jobs →,1,0,true,false,false,false,true
Href link,false,https://jobsbyculture.com/roles/hr-people,200,https://jobsbyculture.com/jobs?role=hr-people,200,View all 149 jobs →,1,0,true,false,false,false,true
Href link,false,https://jobsbyculture.com/roles/remote/design,200,https://jobsbyculture.com/jobs?value=remote&role=design,200,View all 37 jobs →,1,0,true,false,false,false,true
Href link,false,https://jobsbyculture.com/directory,200,https://jobsbyculture.com/compare?a=weaviate,200,Compare →,1,0,true,false,false,false,true
Href link,false,https://jobsbyculture.com/directory,200,https://jobsbyculture.com/compare?a=pinecone,200,Compare →,1,0,true,false,false,false,true
Href link,false,https://jobsbyculture.com/directory,200,https://jobsbyculture.com/compare?a=stripe,200,Compare →,1,0,true,false,false,false,true
Href link,false,https://jobsbyculture.com/roles/legal,200,https://jobsbyculture.com/jobs?role=legal,200,View all 130 jobs →,1,0,true,false,false,false,true
Href link,false,https://jobsbyculture.com/locations/san-francisco/design,200,https://jobsbyculture.com/jobs?search=San%20Francisco%20Bay%20Area&role=design,200,View all 69 design jobs →,1,0,true,false,false,false,true
Href link,false,https://jobsbyculture.com/locations/singapore/ml-ai,200,https://jobsbyculture.com/jobs?search=Singapore&role=ml-ai,200,View all 5 ml / ai jobs →,1,0,true,false,false,false,true
Href link,false,https://jobsbyculture.com/roles/equity/ml-ai,200,https://jobsbyculture.com/jobs?value=equity&role=ml-ai,200,View all 163 jobs →,1,0,true,false,false,false,true
Href link,false,https://jobsbyculture.com/roles/ethical-ai/engineering,200,https://jobsbyculture.com/jobs?value=ethical-ai&role=engineering,200,View all 534 jobs →,1,0,true,false,false,false,true
Href link,false,https://jobsbyculture.com/roles/learning/ml-ai,200,https://jobsbyculture.com/jobs?value=learning&role=ml-ai,200,View all 221 jobs →,1,0,true,false,false,false,true
Href link,false,https://jobsbyculture.com/roles/transparent/data,200,https://jobsbyculture.com/jobs?value=transparent&role=data,200,View all 65 jobs →,1,0,true,false,false,false,true
Href link,false,https://jobsbyculture.com/seniority/entry/ml-ai,200,https://jobsbyculture.com/jobs?seniority=entry&role=ml-ai,200,View all 10 jobs →,1,0,true,false,false,false,true
Href link,false,https://jobsbyculture.com/seniority/director/product,200,https://jobsbyculture.com/jobs?seniority=director&role=product,200,View all 13 jobs →,1,0,true,false,false,false,true
Href link,false,https://jobsbyculture.com/seniority/lead/data,200,https://jobsbyculture.com/jobs?seniority=lead&role=data,200,View all 17 jobs →,1,0,true,false,false,false,true
Href link,false,https://jobsbyculture.com/seniority/mid/support,200,https://jobsbyculture.com/jobs?seniority=mid&role=support,200,View all 41 jobs →,1,0,true,false,false,false,true
Href link,false,https://jobsbyculture.com/roles/data,200,https://jobsbyculture.com/jobs?role=data,200,View all 186 jobs →,1,0,true,false,false,false,true
Href link,false,https://jobsbyculture.com/seniority/senior/ml-ai,200,https://jobsbyculture.com/jobs?seniority=senior&role=ml-ai,200,View all 29 jobs →,1,0,true,false,false,false,true
Href link,false,https://jobsbyculture.com/roles/learning/product,200,https://jobsbyculture.com/jobs?value=learning&role=product,200,View all 333 jobs →,1,0,true,false,false,false,true
Href link,false,https://jobsbyculture.com/roles/design,200,https://jobsbyculture.com/jobs?role=design,200,View all 137 jobs →,1,0,true,false,false,false,true
Href link,false,https://jobsbyculture.com/locations/remote/hr-people,200,https://jobsbyculture.com/jobs?search=Remote&role=hr-people,200,View all 11 hr / people jobs →,1,0,true,false,false,false,true
Href link,false,https://jobsbyculture.com/roles/flex-hours/product,200,https://jobsbyculture.com/jobs?value=flex-hours&role=product,200,View all 36 jobs →,1,0,true,false,false,false,true
Href link,false,https://jobsbyculture.com/locations/seattle/marketing,200,https://jobsbyculture.com/jobs?search=Seattle&role=marketing,200,View all 19 marketing jobs →,1,0,true,false,false,false,true
Href link,false,https://jobsbyculture.com/seniority/senior/engineering,200,https://jobsbyculture.com/jobs?seniority=senior&role=engineering,200,View all 388 jobs →,1,0,true,false,false,false,true
Href link,false,https://jobsbyculture.com/roles/diverse/sales,200,https://jobsbyculture.com/jobs?value=diverse&role=sales,200,View all 621 jobs →,1,0,true,false,false,false,true
Href link,false,https://jobsbyculture.com/roles/diverse/support,200,https://jobsbyculture.com/jobs?value=diverse&role=support,200,View all 29 jobs →,1,0,true,false,false,false,true
Href link,false,https://jobsbyculture.com/seniority/lead/product,200,https://jobsbyculture.com/jobs?seniority=lead&role=product,200,View all 383 jobs →,1,0,true,false,false,false,true
Href link,false,https://jobsbyculture.com/locations/singapore/support,200,https://jobsbyculture.com/jobs?search=Singapore&role=support,200,View all 6 support jobs →,1,0,true,false,false,false,true
Href link,false,https://jobsbyculture.com/locations/singapore/engineering,200,https://jobsbyculture.com/jobs?search=Singapore&role=engineering,200,View all 20 engineering jobs →,1,0,true,false,false,false,true
Href link,false,https://jobsbyculture.com/roles/ethical-ai/hr-people,200,https://jobsbyculture.com/jobs?value=ethical-ai&role=hr-people,200,View all 26 jobs →,1,0,true,false,false,false,true
Href link,false,https://jobsbyculture.com/roles/learning/finance,200,https://jobsbyculture.com/jobs?value=learning&role=finance,200,View all 117 jobs →,1,0,true,false,false,false,true
Href link,false,https://jobsbyculture.com/locations/tokyo,200,https://jobsbyculture.com/jobs?search=Tokyo,200,View all 135 jobs →,1,0,true,false,false,false,true
Href link,false,https://jobsbyculture.com/seniority/mid/hr-people,200,https://jobsbyculture.com/jobs?seniority=mid&role=hr-people,200,View all 80 jobs →,1,0,true,false,false,false,true
Href link,false,https://jobsbyculture.com/roles/social-impact/marketing,200,https://jobsbyculture.com/jobs?value=social-impact&role=marketing,200,View all 44 jobs →,1,0,true,false,false,false,true
Href link,false,https://jobsbyculture.com/roles/transparent/design,200,https://jobsbyculture.com/jobs?value=transparent&role=design,200,View all 56 jobs →,1,0,true,false,false,false,true
Href link,false,https://jobsbyculture.com/roles/flex-hours/engineering,200,https://jobsbyculture.com/jobs?value=flex-hours&role=engineering,200,View all 69 jobs →,1,0,true,false,false,false,true
Href link,false,https://jobsbyculture.com/directory,200,https://jobsbyculture.com/compare?a=brex,200,Compare →,1,0,true,false,false,false,true
Href link,false,https://jobsbyculture.com/roles/diverse/ml-ai,200,https://jobsbyculture.com/jobs?value=diverse&role=ml-ai,200,View all 59 jobs →,1,0,true,false,false,false,true
Href link,false,https://jobsbyculture.com/seniority/lead,200,https://jobsbyculture.com/jobs?seniority=lead,200,View all 1991 jobs →,1,0,true,false,false,false,true
Href link,false,https://jobsbyculture.com/roles/sales,200,https://jobsbyculture.com/jobs?role=sales,200,View all 1838 jobs →,1,0,true,false,false,false,true
Href link,false,https://jobsbyculture.com/directory,200,https://jobsbyculture.com/compare?a=cursor,200,Compare →,1,0,true,false,false,false,true
Href link,false,https://jobsbyculture.com/roles/deep-work/design,200,https://jobsbyculture.com/jobs?value=deep-work&role=design,200,View all 25 jobs →,1,0,true,false,false,false,true
Href link,false,https://jobsbyculture.com/locations/bengaluru/data,200,https://jobsbyculture.com/jobs?search=Bengaluru&role=data,200,View all 12 data jobs →,1,0,true,false,false,false,true
Href link,false,https://jobsbyculture.com/locations/san-francisco,200,https://jobsbyculture.com/jobs?search=San%20Francisco%20Bay%20Area,200,"View all 2,316 jobs →",1,0,true,false,false,false,true
Href link,false,https://jobsbyculture.com/locations/singapore/marketing,200,https://jobsbyculture.com/jobs?search=Singapore&role=marketing,200,View all 8 marketing jobs →,1,0,true,false,false,false,true
Href link,false,https://jobsbyculture.com/locations/paris/data,200,https://jobsbyculture.com/jobs?search=Paris&role=data,200,View all 5 data jobs →,1,0,true,false,false,false,true
Href link,false,https://jobsbyculture.com/locations/seattle/product,200,https://jobsbyculture.com/jobs?search=Seattle&role=product,200,View all 55 product jobs →,1,0,true,false,false,false,true
Href link,false,https://jobsbyculture.com/locations/london/product,200,https://jobsbyculture.com/jobs?search=London&role=product,200,View all 9 product jobs →,1,0,true,false,false,false,true
Href link,false,https://jobsbyculture.com/seniority/mid/operations,200,https://jobsbyculture.com/jobs?seniority=mid&role=operations,200,View all 65 jobs →,1,0,true,false,false,false,true
Href link,false,https://jobsbyculture.com/roles/ethical-ai/ml-ai,200,https://jobsbyculture.com/jobs?value=ethical-ai&role=ml-ai,200,View all 111 jobs →,1,0,true,false,false,false,true
Href link,false,https://jobsbyculture.com/locations/munich/sales,200,https://jobsbyculture.com/jobs?search=Munich&role=sales,200,View all 30 sales / gtm jobs →,1,0,true,false,false,false,true
Href link,false,https://jobsbyculture.com/roles/product,200,https://jobsbyculture.com/jobs?role=product,200,View all 414 jobs →,1,0,true,false,false,false,true
Href link,false,https://jobsbyculture.com/roles/product-impact/finance,200,https://jobsbyculture.com/jobs?value=product-impact&role=finance,200,View all 105 jobs →,1,0,true,false,false,false,true
Href link,false,https://jobsbyculture.com/locations/paris/hr-people,200,https://jobsbyculture.com/jobs?search=Paris&role=hr-people,200,View all 5 hr / people jobs →,1,0,true,false,false,false,true
Href link,false,https://jobsbyculture.com/locations/dublin/sales,200,https://jobsbyculture.com/jobs?search=Dublin&role=sales,200,View all 93 sales / gtm jobs →,1,0,true,false,false,false,true
Href link,false,https://jobsbyculture.com/roles/transparent/hr-people,200,https://jobsbyculture.com/jobs?value=transparent&role=hr-people,200,View all 54 jobs →,1,0,true,false,false,false,true
Href link,false,https://jobsbyculture.com/roles/product-impact/support,200,https://jobsbyculture.com/jobs?value=product-impact&role=support,200,View all 18 jobs →,1,0,true,false,false,false,true
Href link,false,https://jobsbyculture.com/locations/seattle/data,200,https://jobsbyculture.com/jobs?search=Seattle&role=data,200,View all 15 data jobs →,1,0,true,false,false,false,true
Href link,false,https://jobsbyculture.com/roles/flat/operations,200,https://jobsbyculture.com/jobs?value=flat&role=operations,200,View all 18 jobs →,1,0,true,false,false,false,true
Href link,false,https://jobsbyculture.com/locations/paris/marketing,200,https://jobsbyculture.com/jobs?search=Paris&role=marketing,200,View all 7 marketing jobs →,1,0,true,false,false,false,true
Href link,false,https://jobsbyculture.com/roles/social-impact/finance,200,https://jobsbyculture.com/jobs?value=social-impact&role=finance,200,View all 31 jobs →,1,0,true,false,false,false,true
Href link,false,https://jobsbyculture.com/locations/remote/support,200,https://jobsbyculture.com/jobs?search=Remote&role=support,200,View all 7 support jobs →,1,0,true,false,false,false,true
Href link,false,https://jobsbyculture.com/roles/flat/product,200,https://jobsbyculture.com/jobs?value=flat&role=product,200,View all 42 jobs →,1,0,true,false,false,false,true
Href link,false,https://jobsbyculture.com/locations/san-francisco/support,200,https://jobsbyculture.com/jobs?search=San%20Francisco%20Bay%20Area&role=support,200,View all 5 support jobs →,1,0,true,false,false,false,true
Href link,false,https://jobsbyculture.com/roles/equity/marketing,200,https://jobsbyculture.com/jobs?value=equity&role=marketing,200,View all 174 jobs →,1,0,true,false,false,false,true
Href link,false,https://jobsbyculture.com/locations/dublin/marketing,200,https://jobsbyculture.com/jobs?search=Dublin&role=marketing,200,View all 5 marketing jobs →,1,0,true,false,false,false,true
Href link,false,https://jobsbyculture.com/roles/transparent/finance,200,https://jobsbyculture.com/jobs?value=transparent&role=finance,200,View all 50 jobs →,1,0,true,false,false,false,true
Href link,false,https://jobsbyculture.com/seniority/mid/ml-ai,200,https://jobsbyculture.com/jobs?seniority=mid&role=ml-ai,200,View all 177 jobs →,1,0,true,false,false,false,true
Href link,false,https://jobsbyculture.com/locations/dublin/support,200,https://jobsbyculture.com/jobs?search=Dublin&role=support,200,View all 5 support jobs →,1,0,true,false,false,false,true
Href link,false,https://jobsbyculture.com/locations/austin/engineering,200,https://jobsbyculture.com/jobs?search=Austin&role=engineering,200,View all 6 engineering jobs →,1,0,true,false,false,false,true
Href link,false,https://jobsbyculture.com/locations/new-york/hr-people,200,https://jobsbyculture.com/jobs?search=New%20York%20City&role=hr-people,200,View all 31 hr / people jobs →,1,0,true,false,false,false,true
Href link,false,https://jobsbyculture.com/locations/seattle/engineering,200,https://jobsbyculture.com/jobs?search=Seattle&role=engineering,200,View all 232 engineering jobs →,1,0,true,false,false,false,true
Href link,false,https://jobsbyculture.com/roles/eng-driven/design,200,https://jobsbyculture.com/jobs?value=eng-driven&role=design,200,View all 118 jobs →,1,0,true,false,false,false,true
Href link,false,https://jobsbyculture.com/roles/product-impact/data,200,https://jobsbyculture.com/jobs?value=product-impact&role=data,200,View all 138 jobs →,1,0,true,false,false,false,true
Href link,false,https://jobsbyculture.com/roles/remote/data,200,https://jobsbyculture.com/jobs?value=remote&role=data,200,View all 33 jobs →,1,0,true,false,false,false,true
Href link,false,https://jobsbyculture.com/locations/singapore/hr-people,200,https://jobsbyculture.com/jobs?search=Singapore&role=hr-people,200,View all 5 hr / people jobs →,1,0,true,false,false,false,true
Href link,false,https://jobsbyculture.com/roles/equity/finance,200,https://jobsbyculture.com/jobs?value=equity&role=finance,200,View all 108 jobs →,1,0,true,false,false,false,true
Href link,false,https://jobsbyculture.com/locations/munich,200,https://jobsbyculture.com/jobs?search=Munich,200,View all 53 jobs →,1,0,true,false,false,false,true
Href link,false,https://jobsbyculture.com/roles/learning/data,200,https://jobsbyculture.com/jobs?value=learning&role=data,200,View all 156 jobs →,1,0,true,false,false,false,true
Href link,false,https://jobsbyculture.com/roles/many-hats/product,200,https://jobsbyculture.com/jobs?value=many-hats&role=product,200,View all 71 jobs →,1,0,true,false,false,false,true
Href link,false,https://jobsbyculture.com/roles/deep-work/hr-people,200,https://jobsbyculture.com/jobs?value=deep-work&role=hr-people,200,View all 19 jobs →,1,0,true,false,false,false,true
Href link,false,https://jobsbyculture.com/roles/ship-fast/ml-ai,200,https://jobsbyculture.com/jobs?value=ship-fast&role=ml-ai,200,View all 122 jobs →,1,0,true,false,false,false,true
Href link,false,https://jobsbyculture.com/seniority/director/legal,200,https://jobsbyculture.com/jobs?seniority=director&role=legal,200,View all 15 jobs →,1,0,true,false,false,false,true
Href link,false,https://jobsbyculture.com/locations/toronto/sales,200,https://jobsbyculture.com/jobs?search=Toronto&role=sales,200,View all 11 sales / gtm jobs →,1,0,true,false,false,false,true
Href link,false,https://jobsbyculture.com/directory,200,https://jobsbyculture.com/compare?a=notion,200,Compare →,1,0,true,false,false,false,true
Href link,false,https://jobsbyculture.com/roles/psych-safety/legal,200,https://jobsbyculture.com/jobs?value=psych-safety&role=legal,200,View all 3 jobs →,1,0,true,false,false,false,true
Href link,false,https://jobsbyculture.com/roles/product-impact/ml-ai,200,https://jobsbyculture.com/jobs?value=product-impact&role=ml-ai,200,View all 129 jobs →,1,0,true,false,false,false,true
Href link,false,https://jobsbyculture.com/roles/wlb/hr-people,200,https://jobsbyculture.com/jobs?value=wlb&role=hr-people,200,View all 4 jobs →,1,0,true,false,false,false,true
Href link,false,https://jobsbyculture.com/roles/equity/design,200,https://jobsbyculture.com/jobs?value=equity&role=design,200,View all 60 jobs →,1,0,true,false,false,false,true
Href link,false,https://jobsbyculture.com/locations/berlin/sales,200,https://jobsbyculture.com/jobs?search=Berlin&role=sales,200,View all 20 sales / gtm jobs →,1,0,true,false,false,false,true
Href link,false,https://jobsbyculture.com/locations/san-francisco/product,200,https://jobsbyculture.com/jobs?search=San%20Francisco%20Bay%20Area&role=product,200,View all 182 product jobs →,1,0,true,false,false,false,true
Href link,false,https://jobsbyculture.com/roles/psych-safety/ml-ai,200,https://jobsbyculture.com/jobs?value=psych-safety&role=ml-ai,200,View all 7 jobs →,1,0,true,false,false,false,true
Href link,false,https://jobsbyculture.com/roles/ship-fast/support,200,https://jobsbyculture.com/jobs?value=ship-fast&role=support,200,View all 10 jobs →,1,0,true,false,false,false,true
Href link,false,https://jobsbyculture.com/roles/deep-work/product,200,https://jobsbyculture.com/jobs?value=deep-work&role=product,200,View all 27 jobs →,1,0,true,false,false,false,true
Href link,false,https://jobsbyculture.com/roles/eng-driven/engineering,200,https://jobsbyculture.com/jobs?value=eng-driven&role=engineering,200,View all 2031 jobs →,1,0,true,false,false,false,true
Href link,false,https://jobsbyculture.com/locations/san-francisco/data,200,https://jobsbyculture.com/jobs?search=San%20Francisco%20Bay%20Area&role=data,200,View all 89 data jobs →,1,0,true,false,false,false,true
Href link,false,https://jobsbyculture.com/locations/berlin/engineering,200,https://jobsbyculture.com/jobs?search=Berlin&role=engineering,200,View all 9 engineering jobs →,1,0,true,false,false,false,true
Href link,false,https://jobsbyculture.com/seniority/mid/data,200,https://jobsbyculture.com/jobs?seniority=mid&role=data,200,View all 97 jobs →,1,0,true,false,false,false,true
Href link,false,https://jobsbyculture.com/locations/berlin,200,https://jobsbyculture.com/jobs?search=Berlin,200,View all 39 jobs →,1,0,true,false,false,false,true
Href link,false,https://jobsbyculture.com/seniority/mid,200,https://jobsbyculture.com/jobs?seniority=mid,200,View all 3137 jobs →,1,0,true,false,false,false,true
Href link,false,https://jobsbyculture.com/directory,200,https://jobsbyculture.com/compare?a=replit,200,Compare →,1,0,true,false,false,false,true
Href link,false,https://jobsbyculture.com/locations/new-york/design,200,https://jobsbyculture.com/jobs?search=New%20York%20City&role=design,200,View all 38 design jobs →,1,0,true,false,false,false,true
Href link,false,https://jobsbyculture.com/locations/remote/data,200,https://jobsbyculture.com/jobs?search=Remote&role=data,200,View all 21 data jobs →,1,0,true,false,false,false,true
Href link,false,https://jobsbyculture.com/directory,200,https://jobsbyculture.com/compare?a=tailscale,200,Compare →,1,0,true,false,false,false,true
Href link,false,https://jobsbyculture.com/roles/product-impact/product,200,https://jobsbyculture.com/jobs?value=product-impact&role=product,200,View all 274 jobs →,1,0,true,false,false,false,true
Href link,false,https://jobsbyculture.com/directory,200,https://jobsbyculture.com/compare?a=crusoe,200,Compare →,1,0,true,false,false,false,true
Href link,false,https://jobsbyculture.com/directory,200,https://jobsbyculture.com/compare?a=openai,200,Compare →,1,0,true,false,false,false,true
Href link,false,https://jobsbyculture.com/seniority/lead/operations,200,https://jobsbyculture.com/jobs?seniority=lead&role=operations,200,View all 90 jobs →,1,0,true,false,false,false,true
Href link,false,https://jobsbyculture.com/locations/paris/legal,200,https://jobsbyculture.com/jobs?search=Paris&role=legal,200,View all 10 legal jobs →,1,0,true,false,false,false,true
Href link,false,https://jobsbyculture.com/roles/social-impact/engineering,200,https://jobsbyculture.com/jobs?value=social-impact&role=engineering,200,View all 264 jobs →,1,0,true,false,false,false,true
Href link,false,https://jobsbyculture.com/roles/ship-fast/marketing,200,https://jobsbyculture.com/jobs?value=ship-fast&role=marketing,200,View all 175 jobs →,1,0,true,false,false,false,true
Href link,false,https://jobsbyculture.com/locations/dublin/product,200,https://jobsbyculture.com/jobs?search=Dublin&role=product,200,View all 9 product jobs →,1,0,true,false,false,false,true
Href link,false,https://jobsbyculture.com/roles/wlb/engineering,200,https://jobsbyculture.com/jobs?value=wlb&role=engineering,200,View all 220 jobs →,1,0,true,false,false,false,true
Href link,false,https://jobsbyculture.com/roles/eng-driven/legal,200,https://jobsbyculture.com/jobs?value=eng-driven&role=legal,200,View all 124 jobs →,1,0,true,false,false,false,true
Href link,false,https://jobsbyculture.com/locations/london/sales,200,https://jobsbyculture.com/jobs?search=London&role=sales,200,View all 96 sales / gtm jobs →,1,0,true,false,false,false,true
Href link,false,https://jobsbyculture.com/locations/bengaluru,200,https://jobsbyculture.com/jobs?search=Bengaluru,200,View all 189 jobs →,1,0,true,false,false,false,true
Href link,false,https://jobsbyculture.com/roles/many-hats/operations,200,https://jobsbyculture.com/jobs?value=many-hats&role=operations,200,View all 54 jobs →,1,0,true,false,false,false,true
Href link,false,https://jobsbyculture.com/roles/flex-hours/design,200,https://jobsbyculture.com/jobs?value=flex-hours&role=design,200,View all 29 jobs →,1,0,true,false,false,false,true
Href link,false,https://jobsbyculture.com/locations/seattle/ml-ai,200,https://jobsbyculture.com/jobs?search=Seattle&role=ml-ai,200,View all 25 ml / ai jobs →,1,0,true,false,false,false,true
Href link,false,https://jobsbyculture.com/seniority/senior/finance,200,https://jobsbyculture.com/jobs?seniority=senior&role=finance,200,View all 24 jobs →,1,0,true,false,false,false,true
Href link,false,https://jobsbyculture.com/directory,200,https://jobsbyculture.com/compare?a=databricks,200,Compare →,1,0,true,false,false,false,true
Href link,false,https://jobsbyculture.com/roles/flat/hr-people,200,https://jobsbyculture.com/jobs?value=flat&role=hr-people,200,View all 19 jobs →,1,0,true,false,false,false,true
Href link,false,https://jobsbyculture.com/directory,200,https://jobsbyculture.com/compare?a=airbnb,200,Compare →,1,0,true,false,false,false,true
Href link,false,https://jobsbyculture.com/roles/operations,200,https://jobsbyculture.com/jobs?role=operations,200,View all 204 jobs →,1,0,true,false,false,false,true
Href link,false,https://jobsbyculture.com/roles/eng-driven/support,200,https://jobsbyculture.com/jobs?value=eng-driven&role=support,200,View all 26 jobs →,1,0,true,false,false,false,true
Href link,false,https://jobsbyculture.com/directory,200,https://jobsbyculture.com/compare?a=apollo,200,Compare →,1,0,true,false,false,false,true
Href link,false,https://jobsbyculture.com/directory,200,https://jobsbyculture.com/compare?a=figma,200,Compare →,1,0,true,false,false,false,true
Href link,false,https://jobsbyculture.com/seniority/senior/marketing,200,https://jobsbyculture.com/jobs?seniority=senior&role=marketing,200,View all 9 jobs →,1,0,true,false,false,false,true
Href link,false,https://jobsbyculture.com/roles/eng-driven/finance,200,https://jobsbyculture.com/jobs?value=eng-driven&role=finance,200,View all 153 jobs →,1,0,true,false,false,false,true
Href link,false,https://jobsbyculture.com/locations/remote/design,200,https://jobsbyculture.com/jobs?search=Remote&role=design,200,View all 27 design jobs →,1,0,true,false,false,false,true
Href link,false,https://jobsbyculture.com/seniority/lead/ml-ai,200,https://jobsbyculture.com/jobs?seniority=lead&role=ml-ai,200,View all 22 jobs →,1,0,true,false,false,false,true
Href link,false,https://jobsbyculture.com/locations/chicago,200,https://jobsbyculture.com/jobs?search=Chicago,200,View all 75 jobs →,1,0,true,false,false,false,true
Href link,false,https://jobsbyculture.com/roles/wlb/ml-ai,200,https://jobsbyculture.com/jobs?value=wlb&role=ml-ai,200,View all 18 jobs →,1,0,true,false,false,false,true
Href link,false,https://jobsbyculture.com/directory,200,https://jobsbyculture.com/compare?a=posthog,200,Compare →,1,0,true,false,false,false,true
Href link,false,https://jobsbyculture.com/seniority/entry/sales,200,https://jobsbyculture.com/jobs?seniority=entry&role=sales,200,View all 21 jobs →,1,0,true,false,false,false,true
Href link,false,https://jobsbyculture.com/roles/equity/engineering,200,https://jobsbyculture.com/jobs?value=equity&role=engineering,200,View all 1327 jobs →,1,0,true,false,false,false,true
Href link,false,https://jobsbyculture.com/roles/open-source/legal,200,https://jobsbyculture.com/jobs?value=open-source&role=legal,200,View all 23 jobs →,1,0,true,false,false,false,true
Href link,false,https://jobsbyculture.com/seniority/lead/support,200,https://jobsbyculture.com/jobs?seniority=lead&role=support,200,View all 6 jobs →,1,0,true,false,false,false,true
Href link,false,https://jobsbyculture.com/directory,200,https://jobsbyculture.com/compare?a=plaid,200,Compare →,1,0,true,false,false,false,true
Href link,false,https://jobsbyculture.com/roles/remote/finance,200,https://jobsbyculture.com/jobs?value=remote&role=finance,200,View all 25 jobs →,1,0,true,false,false,false,true
Href link,false,https://jobsbyculture.com/roles/remote/ml-ai,200,https://jobsbyculture.com/jobs?value=remote&role=ml-ai,200,View all 33 jobs →,1,0,true,false,false,false,true
Href link,false,https://jobsbyculture.com/roles/flex-hours/marketing,200,https://jobsbyculture.com/jobs?value=flex-hours&role=marketing,200,View all 9 jobs →,1,0,true,false,false,false,true
Href link,false,https://jobsbyculture.com/locations/bengaluru/sales,200,https://jobsbyculture.com/jobs?search=Bengaluru&role=sales,200,View all 35 sales / gtm jobs →,1,0,true,false,false,false,true
Href link,false,https://jobsbyculture.com/roles/wlb/support,200,https://jobsbyculture.com/jobs?value=wlb&role=support,200,View all 27 jobs →,1,0,true,false,false,false,true
Href link,false,https://jobsbyculture.com/roles/open-source/ml-ai,200,https://jobsbyculture.com/jobs?value=open-source&role=ml-ai,200,View all 52 jobs →,1,0,true,false,false,false,true
Href link,false,https://jobsbyculture.com/directory,200,https://jobsbyculture.com/compare?a=scale,200,Compare →,1,0,true,false,false,false,true
Href link,false,https://jobsbyculture.com/locations/new-york/operations,200,https://jobsbyculture.com/jobs?search=New%20York%20City&role=operations,200,View all 35 operations jobs →,1,0,true,false,false,false,true
Href link,false,https://jobsbyculture.com/seniority/entry/operations,200,https://jobsbyculture.com/jobs?seniority=entry&role=operations,200,View all 25 jobs →,1,0,true,false,false,false,true
Href link,false,https://jobsbyculture.com/roles/support,200,https://jobsbyculture.com/jobs?role=support,200,View all 52 jobs →,1,0,true,false,false,false,true
Href link,false,https://jobsbyculture.com/roles/flex-hours/hr-people,200,https://jobsbyculture.com/jobs?value=flex-hours&role=hr-people,200,View all 3 jobs →,1,0,true,false,false,false,true
Href link,false,https://jobsbyculture.com/locations/dublin/finance,200,https://jobsbyculture.com/jobs?search=Dublin&role=finance,200,View all 6 finance jobs →,1,0,true,false,false,false,true
Href link,false,https://jobsbyculture.com/roles/wlb/marketing,200,https://jobsbyculture.com/jobs?value=wlb&role=marketing,200,View all 34 jobs →,1,0,true,false,false,false,true
Href link,false,https://jobsbyculture.com/roles/psych-safety/marketing,200,https://jobsbyculture.com/jobs?value=psych-safety&role=marketing,200,View all 14 jobs →,1,0,true,false,false,false,true
Href link,false,https://jobsbyculture.com/roles/social-impact/sales,200,https://jobsbyculture.com/jobs?value=social-impact&role=sales,200,View all 135 jobs →,1,0,true,false,false,false,true
Href link,false,https://jobsbyculture.com/locations/seattle/operations,200,https://jobsbyculture.com/jobs?search=Seattle&role=operations,200,View all 13 operations jobs →,1,0,true,false,false,false,true
Href link,false,https://jobsbyculture.com/locations/singapore,200,https://jobsbyculture.com/jobs?search=Singapore,200,View all 145 jobs →,1,0,true,false,false,false,true
Href link,false,https://jobsbyculture.com/directory,200,https://jobsbyculture.com/compare?a=pylon,200,Compare →,1,0,true,false,false,false,true
Href link,false,https://jobsbyculture.com/roles/many-hats/finance,200,https://jobsbyculture.com/jobs?value=many-hats&role=finance,200,View all 38 jobs →,1,0,true,false,false,false,true
Href link,false,https://jobsbyculture.com/roles/learning/design,200,https://jobsbyculture.com/jobs?value=learning&role=design,200,View all 117 jobs →,1,0,true,false,false,false,true
Href link,false,https://jobsbyculture.com/seniority/lead/finance,200,https://jobsbyculture.com/jobs?seniority=lead&role=finance,200,View all 59 jobs →,1,0,true,false,false,false,true
Href link,false,https://jobsbyculture.com/seniority/director/sales,200,https://jobsbyculture.com/jobs?seniority=director&role=sales,200,View all 78 jobs →,1,0,true,false,false,false,true
Href link,false,https://jobsbyculture.com/locations/seattle/sales,200,https://jobsbyculture.com/jobs?search=Seattle&role=sales,200,View all 45 sales / gtm jobs →,1,0,true,false,false,false,true
Href link,false,https://jobsbyculture.com/roles/ship-fast/legal,200,https://jobsbyculture.com/jobs?value=ship-fast&role=legal,200,View all 82 jobs →,1,0,true,false,false,false,true
Href link,false,https://jobsbyculture.com/locations/new-york/legal,200,https://jobsbyculture.com/jobs?search=New%20York%20City&role=legal,200,View all 32 legal jobs →,1,0,true,false,false,false,true
Href link,false,https://jobsbyculture.com/roles/remote/marketing,200,https://jobsbyculture.com/jobs?value=remote&role=marketing,200,View all 82 jobs →,1,0,true,false,false,false,true
Href link,false,https://jobsbyculture.com/roles/social-impact/support,200,https://jobsbyculture.com/jobs?value=social-impact&role=support,200,View all 8 jobs →,1,0,true,false,false,false,true
Href link,false,https://jobsbyculture.com/roles/ship-fast/hr-people,200,https://jobsbyculture.com/jobs?value=ship-fast&role=hr-people,200,View all 99 jobs →,1,0,true,false,false,false,true
Href link,false,https://jobsbyculture.com/roles/open-source/operations,200,https://jobsbyculture.com/jobs?value=open-source&role=operations,200,View all 23 jobs →,1,0,true,false,false,false,true
Href link,false,https://jobsbyculture.com/roles/wlb/operations,200,https://jobsbyculture.com/jobs?value=wlb&role=operations,200,View all 17 jobs →,1,0,true,false,false,false,true
Href link,false,https://jobsbyculture.com/roles/social-impact/hr-people,200,https://jobsbyculture.com/jobs?value=social-impact&role=hr-people,200,View all 12 jobs →,1,0,true,false,false,false,true
Href link,false,https://jobsbyculture.com/roles/social-impact/data,200,https://jobsbyculture.com/jobs?value=social-impact&role=data,200,View all 12 jobs →,1,0,true,false,false,false,true
Href link,false,https://jobsbyculture.com/locations/london,200,https://jobsbyculture.com/jobs?search=London,200,View all 304 jobs →,1,0,true,false,false,false,true
Href link,false,https://jobsbyculture.com/roles/flat/support,200,https://jobsbyculture.com/jobs?value=flat&role=support,200,View all 8 jobs →,1,0,true,false,false,false,true
Href link,false,https://jobsbyculture.com/locations/remote/sales,200,https://jobsbyculture.com/jobs?search=Remote&role=sales,200,View all 226 sales / gtm jobs →,1,0,true,false,false,false,true
Href link,false,https://jobsbyculture.com/roles/flat/finance,200,https://jobsbyculture.com/jobs?value=flat&role=finance,200,View all 25 jobs →,1,0,true,false,false,false,true
Href link,false,https://jobsbyculture.com/roles/ethical-ai/design,200,https://jobsbyculture.com/jobs?value=ethical-ai&role=design,200,View all 29 jobs →,1,0,true,false,false,false,true
Href link,false,https://jobsbyculture.com/roles/transparent/engineering,200,https://jobsbyculture.com/jobs?value=transparent&role=engineering,200,View all 559 jobs →,1,0,true,false,false,false,true
Href link,false,https://jobsbyculture.com/locations/paris,200,https://jobsbyculture.com/jobs?search=Paris,200,View all 216 jobs →,1,0,true,false,false,false,true
Href link,false,https://jobsbyculture.com/seniority/lead/engineering,200,https://jobsbyculture.com/jobs?seniority=lead&role=engineering,200,View all 327 jobs →,1,0,true,false,false,false,true
Href link,false,https://jobsbyculture.com/roles/open-source/hr-people,200,https://jobsbyculture.com/jobs?value=open-source&role=hr-people,200,View all 19 jobs →,1,0,true,false,false,false,true
Href link,false,https://jobsbyculture.com/roles/deep-work/operations,200,https://jobsbyculture.com/jobs?value=deep-work&role=operations,200,View all 4 jobs →,1,0,true,false,false,false,true
Href link,false,https://jobsbyculture.com/roles/ship-fast/sales,200,https://jobsbyculture.com/jobs?value=ship-fast&role=sales,200,View all 960 jobs →,1,0,true,false,false,false,true
Href link,false,https://jobsbyculture.com/roles/social-impact/design,200,https://jobsbyculture.com/jobs?value=social-impact&role=design,200,View all 9 jobs →,1,0,true,false,false,false,true
Href link,false,https://jobsbyculture.com/blog/best-ai-companies-work-life-balance-new-york-2026,200,https://jobsbyculture.com/jobs?search=New%20York,200,Browse NYC Jobs →,1,0,true,false,false,false,true
Href link,false,https://jobsbyculture.com/roles/ethical-ai/marketing,200,https://jobsbyculture.com/jobs?value=ethical-ai&role=marketing,200,View all 78 jobs →,1,0,true,false,false,false,true
Href link,false,https://jobsbyculture.com/roles/flat/data,200,https://jobsbyculture.com/jobs?value=flat&role=data,200,View all 24 jobs →,1,0,true,false,false,false,true
Href link,false,https://jobsbyculture.com/roles/psych-safety/engineering,200,https://jobsbyculture.com/jobs?value=psych-safety&role=engineering,200,View all 85 jobs →,1,0,true,false,false,false,true
Href link,false,https://jobsbyculture.com/locations/san-francisco/legal,200,https://jobsbyculture.com/jobs?search=San%20Francisco%20Bay%20Area&role=legal,200,View all 59 legal jobs →,1,0,true,false,false,false,true
Href link,false,https://jobsbyculture.com/seniority/lead/legal,200,https://jobsbyculture.com/jobs?seniority=lead&role=legal,200,View all 26 jobs →,1,0,true,false,false,false,true
Href link,false,https://jobsbyculture.com/roles/deep-work/sales,200,https://jobsbyculture.com/jobs?value=deep-work&role=sales,200,View all 67 jobs →,1,0,true,false,false,false,true
Href link,false,https://jobsbyculture.com/blog/best-ai-companies-work-life-balance-san-francisco-2026,200,https://jobsbyculture.com/jobs?search=San%20Francisco,200,Browse SF Jobs →,1,0,true,false,false,false,true
Href link,false,https://jobsbyculture.com/locations/london/data,200,https://jobsbyculture.com/jobs?search=London&role=data,200,View all 11 data jobs →,1,0,true,false,false,false,true
Href link,false,https://jobsbyculture.com/locations/bengaluru/engineering,200,https://jobsbyculture.com/jobs?search=Bengaluru&role=engineering,200,View all 75 engineering jobs →,1,0,true,false,false,false,true
Href link,false,https://jobsbyculture.com/locations/tokyo/hr-people,200,https://jobsbyculture.com/jobs?search=Tokyo&role=hr-people,200,View all 5 hr / people jobs →,1,0,true,false,false,false,true
Href link,false,https://jobsbyculture.com/roles/ship-fast/finance,200,https://jobsbyculture.com/jobs?value=ship-fast&role=finance,200,View all 87 jobs →,1,0,true,false,false,false,true
Href link,false,https://jobsbyculture.com/roles/social-impact/legal,200,https://jobsbyculture.com/jobs?value=social-impact&role=legal,200,View all 19 jobs →,1,0,true,false,false,false,true
Href link,false,https://jobsbyculture.com/roles/eng-driven/data,200,https://jobsbyculture.com/jobs?value=eng-driven&role=data,200,View all 168 jobs →,1,0,true,false,false,false,true
Href link,false,https://jobsbyculture.com/locations/london/ml-ai,200,https://jobsbyculture.com/jobs?search=London&role=ml-ai,200,View all 17 ml / ai jobs →,1,0,true,false,false,false,true
Href link,false,https://jobsbyculture.com/roles/finance,200,https://jobsbyculture.com/jobs?role=finance,200,View all 156 jobs →,1,0,true,false,false,false,true
Href link,false,https://jobsbyculture.com/roles/flex-hours/data,200,https://jobsbyculture.com/jobs?value=flex-hours&role=data,200,View all 11 jobs →,1,0,true,false,false,false,true
Href link,false,https://jobsbyculture.com/directory,200,https://jobsbyculture.com/compare?a=perplexity,200,Compare →,1,0,true,false,false,false,true
Href link,false,https://jobsbyculture.com/seniority/director/marketing,200,https://jobsbyculture.com/jobs?seniority=director&role=marketing,200,View all 29 jobs →,1,0,true,false,false,false,true
Href link,false,https://jobsbyculture.com/directory,200,https://jobsbyculture.com/compare?a=datadog,200,Compare →,1,0,true,false,false,false,true
Href link,false,https://jobsbyculture.com/roles/diverse/hr-people,200,https://jobsbyculture.com/jobs?value=diverse&role=hr-people,200,View all 25 jobs →,1,0,true,false,false,false,true
Href link,false,https://jobsbyculture.com/roles/ethical-ai/support,200,https://jobsbyculture.com/jobs?value=ethical-ai&role=support,200,View all 13 jobs →,1,0,true,false,false,false,true
Href link,false,https://jobsbyculture.com/directory,200,https://jobsbyculture.com/compare?a=linear,200,Compare →,1,0,true,false,false,false,true
Href link,false,https://jobsbyculture.com/roles/ship-fast/engineering,200,https://jobsbyculture.com/jobs?value=ship-fast&role=engineering,200,View all 1294 jobs →,1,0,true,false,false,false,true
Href link,false,https://jobsbyculture.com/roles/learning/legal,200,https://jobsbyculture.com/jobs?value=learning&role=legal,200,View all 98 jobs →,1,0,true,false,false,false,true
Href link,false,https://jobsbyculture.com/locations/tokyo/engineering,200,https://jobsbyculture.com/jobs?search=Tokyo&role=engineering,200,View all 14 engineering jobs →,1,0,true,false,false,false,true
Href link,false,https://jobsbyculture.com/roles/eng-driven/hr-people,200,https://jobsbyculture.com/jobs?value=eng-driven&role=hr-people,200,View all 146 jobs →,1,0,true,false,false,false,true
Href link,false,https://jobsbyculture.com/locations/new-york/data,200,https://jobsbyculture.com/jobs?search=New%20York%20City&role=data,200,View all 23 data jobs →,1,0,true,false,false,false,true
Href link,false,https://jobsbyculture.com/seniority/lead/hr-people,200,https://jobsbyculture.com/jobs?seniority=lead&role=hr-people,200,View all 35 jobs →,1,0,true,false,false,false,true
Href link,false,https://jobsbyculture.com/locations/new-york/marketing,200,https://jobsbyculture.com/jobs?search=New%20York%20City&role=marketing,200,View all 79 marketing jobs →,1,0,true,false,false,false,true
Href link,false,https://jobsbyculture.com/roles/deep-work/legal,200,https://jobsbyculture.com/jobs?value=deep-work&role=legal,200,View all 9 jobs →,1,0,true,false,false,false,true
Href link,false,https://jobsbyculture.com/locations/singapore/sales,200,https://jobsbyculture.com/jobs?search=Singapore&role=sales,200,View all 72 sales / gtm jobs →,1,0,true,false,false,false,true
Href link,false,https://jobsbyculture.com/roles/remote/sales,200,https://jobsbyculture.com/jobs?value=remote&role=sales,200,View all 273 jobs →,1,0,true,false,false,false,true
Href link,false,https://jobsbyculture.com/roles/open-source/design,200,https://jobsbyculture.com/jobs?value=open-source&role=design,200,View all 13 jobs →,1,0,true,false,false,false,true
Href link,false,https://jobsbyculture.com/locations/bengaluru/operations,200,https://jobsbyculture.com/jobs?search=Bengaluru&role=operations,200,View all 20 operations jobs →,1,0,true,false,false,false,true
Href link,false,https://jobsbyculture.com/roles/wlb/finance,200,https://jobsbyculture.com/jobs?value=wlb&role=finance,200,View all 4 jobs →,1,0,true,false,false,false,true
Href link,false,https://jobsbyculture.com/locations/remote/operations,200,https://jobsbyculture.com/jobs?search=Remote&role=operations,200,View all 16 operations jobs →,1,0,true,false,false,false,true
Href link,false,https://jobsbyculture.com/directory,200,https://jobsbyculture.com/compare?a=coreweave,200,Compare →,1,0,true,false,false,false,true
Href link,false,https://jobsbyculture.com/roles/ethical-ai/finance,200,https://jobsbyculture.com/jobs?value=ethical-ai&role=finance,200,View all 40 jobs →,1,0,true,false,false,false,true
Href link,false,https://jobsbyculture.com/seniority/director/engineering,200,https://jobsbyculture.com/jobs?seniority=director&role=engineering,200,View all 40 jobs →,1,0,true,false,false,false,true
Href link,false,https://jobsbyculture.com/locations/san-francisco/hr-people,200,https://jobsbyculture.com/jobs?search=San%20Francisco%20Bay%20Area&role=hr-people,200,View all 48 hr / people jobs →,1,0,true,false,false,false,true
Href link,false,https://jobsbyculture.com/directory,200,https://jobsbyculture.com/compare?a=fireworksai,200,Compare →,1,0,true,false,false,false,true
Href link,false,https://jobsbyculture.com/roles/flat/legal,200,https://jobsbyculture.com/jobs?value=flat&role=legal,200,View all 28 jobs →,1,0,true,false,false,false,true
Href link,false,https://jobsbyculture.com/roles/transparent/legal,200,https://jobsbyculture.com/jobs?value=transparent&role=legal,200,View all 33 jobs →,1,0,true,false,false,false,true
Href link,false,https://jobsbyculture.com/roles/psych-safety/product,200,https://jobsbyculture.com/jobs?value=psych-safety&role=product,200,View all 24 jobs →,1,0,true,false,false,false,true
Href link,false,https://jobsbyculture.com/locations/austin,200,https://jobsbyculture.com/jobs?search=Austin,200,View all 44 jobs →,1,0,true,false,false,false,true
Href link,false,https://jobsbyculture.com/roles/social-impact/operations,200,https://jobsbyculture.com/jobs?value=social-impact&role=operations,200,View all 31 jobs →,1,0,true,false,false,false,true
Href link,false,https://jobsbyculture.com/seniority/mid/marketing,200,https://jobsbyculture.com/jobs?seniority=mid&role=marketing,200,View all 74 jobs →,1,0,true,false,false,false,true
Href link,false,https://jobsbyculture.com/directory,200,https://jobsbyculture.com/compare?a=deepmind,200,Compare →,1,0,true,false,false,false,true
Href link,false,https://jobsbyculture.com/directory,200,https://jobsbyculture.com/compare?a=vercel,200,Compare →,1,0,true,false,false,false,true
Href link,false,https://jobsbyculture.com/roles/diverse/engineering,200,https://jobsbyculture.com/jobs?value=diverse&role=engineering,200,View all 496 jobs →,1,0,true,false,false,false,true
Href link,false,https://jobsbyculture.com/directory,200,https://jobsbyculture.com/compare?a=vast,200,Compare →,1,0,true,false,false,false,true
Href link,false,https://jobsbyculture.com/roles/equity/hr-people,200,https://jobsbyculture.com/jobs?value=equity&role=hr-people,200,View all 77 jobs →,1,0,true,false,false,false,true
Href link,false,https://jobsbyculture.com/locations/bengaluru/product,200,https://jobsbyculture.com/jobs?search=Bengaluru&role=product,200,View all 7 product jobs →,1,0,true,false,false,false,true
Href link,false,https://jobsbyculture.com/roles/open-source/product,200,https://jobsbyculture.com/jobs?value=open-source&role=product,200,View all 34 jobs →,1,0,true,false,false,false,true
Href link,false,https://jobsbyculture.com/roles/social-impact/ml-ai,200,https://jobsbyculture.com/jobs?value=social-impact&role=ml-ai,200,View all 48 jobs →,1,0,true,false,false,false,true
Href link,false,https://jobsbyculture.com/roles/learning/engineering,200,https://jobsbyculture.com/jobs?value=learning&role=engineering,200,View all 1593 jobs →,1,0,true,false,false,false,true
Href link,false,https://jobsbyculture.com/roles/flat/engineering,200,https://jobsbyculture.com/jobs?value=flat&role=engineering,200,View all 356 jobs →,1,0,true,false,false,false,true
Href link,false,https://jobsbyculture.com/roles/wlb/product,200,https://jobsbyculture.com/jobs?value=wlb&role=product,200,View all 37 jobs →,1,0,true,false,false,false,true
Href link,false,https://jobsbyculture.com/roles/ethical-ai/legal,200,https://jobsbyculture.com/jobs?value=ethical-ai&role=legal,200,View all 35 jobs →,1,0,true,false,false,false,true
Href link,false,https://jobsbyculture.com/locations/paris/sales,200,https://jobsbyculture.com/jobs?search=Paris&role=sales,200,View all 52 sales / gtm jobs →,1,0,true,false,false,false,true
Href link,false,https://jobsbyculture.com/roles/open-source/support,200,https://jobsbyculture.com/jobs?value=open-source&role=support,200,View all 19 jobs →,1,0,true,false,false,false,true
Href link,false,https://jobsbyculture.com/directory,200,https://jobsbyculture.com/compare?a=modal,200,Compare →,1,0,true,false,false,false,true
Href link,false,https://jobsbyculture.com/seniority/senior/hr-people,200,https://jobsbyculture.com/jobs?seniority=senior&role=hr-people,200,View all 19 jobs →,1,0,true,false,false,false,true
Href link,false,https://jobsbyculture.com/locations/toronto/data,200,https://jobsbyculture.com/jobs?search=Toronto&role=data,200,View all 5 data jobs →,1,0,true,false,false,false,true
Href link,false,https://jobsbyculture.com/seniority/senior/design,200,https://jobsbyculture.com/jobs?seniority=senior&role=design,200,View all 33 jobs →,1,0,true,false,false,false,true
Href link,false,https://jobsbyculture.com/roles/transparent/marketing,200,https://jobsbyculture.com/jobs?value=transparent&role=marketing,200,View all 110 jobs →,1,0,true,false,false,false,true
Href link,false,https://jobsbyculture.com/roles/learning/hr-people,200,https://jobsbyculture.com/jobs?value=learning&role=hr-people,200,View all 117 jobs →,1,0,true,false,false,false,true
Href link,false,https://jobsbyculture.com/roles/ethical-ai/operations,200,https://jobsbyculture.com/jobs?value=ethical-ai&role=operations,200,View all 49 jobs →,1,0,true,false,false,false,true
Href link,false,https://jobsbyculture.com/locations/remote/legal,200,https://jobsbyculture.com/jobs?search=Remote&role=legal,200,View all 18 legal jobs →,1,0,true,false,false,false,true
Href link,false,https://jobsbyculture.com/roles/psych-safety/sales,200,https://jobsbyculture.com/jobs?value=psych-safety&role=sales,200,View all 181 jobs →,1,0,true,false,false,false,true
Href link,false,https://jobsbyculture.com/directory,200,https://jobsbyculture.com/compare?a=airtable,200,Compare →,1,0,true,false,false,false,true
Href link,false,https://jobsbyculture.com/locations/austin/sales,200,https://jobsbyculture.com/jobs?search=Austin&role=sales,200,View all 23 sales / gtm jobs →,1,0,true,false,false,false,true
Href link,false,https://jobsbyculture.com/locations/seattle/design,200,https://jobsbyculture.com/jobs?search=Seattle&role=design,200,View all 16 design jobs →,1,0,true,false,false,false,true
Href link,false,https://jobsbyculture.com/roles/equity/product,200,https://jobsbyculture.com/jobs?value=equity&role=product,200,View all 275 jobs →,1,0,true,false,false,false,true
Href link,false,https://jobsbyculture.com/seniority/entry/product,200,https://jobsbyculture.com/jobs?seniority=entry&role=product,200,View all 5 jobs →,1,0,true,false,false,false,true
Href link,false,https://jobsbyculture.com/roles/product-impact/operations,200,https://jobsbyculture.com/jobs?value=product-impact&role=operations,200,View all 135 jobs →,1,0,true,false,false,false,true
Href link,false,https://jobsbyculture.com/seniority/entry/engineering,200,https://jobsbyculture.com/jobs?seniority=entry&role=engineering,200,View all 33 jobs →,1,0,true,false,false,false,true
Href link,false,https://jobsbyculture.com/roles/product-impact/design,200,https://jobsbyculture.com/jobs?value=product-impact&role=design,200,View all 94 jobs →,1,0,true,false,false,false,true
Href link,false,https://jobsbyculture.com/locations/remote/engineering,200,https://jobsbyculture.com/jobs?search=Remote&role=engineering,200,View all 306 engineering jobs →,1,0,true,false,false,false,true
Href link,false,https://jobsbyculture.com/seniority/mid/engineering,200,https://jobsbyculture.com/jobs?seniority=mid&role=engineering,200,View all 1016 jobs →,1,0,true,false,false,false,true
Href link,false,https://jobsbyculture.com/directory,200,https://jobsbyculture.com/compare?a=incidentio,200,Compare →,1,0,true,false,false,false,true
Href link,false,https://jobsbyculture.com/seniority/director/operations,200,https://jobsbyculture.com/jobs?seniority=director&role=operations,200,View all 14 jobs →,1,0,true,false,false,false,true
Href link,false,https://jobsbyculture.com/roles/transparent/sales,200,https://jobsbyculture.com/jobs?value=transparent&role=sales,200,View all 727 jobs →,1,0,true,false,false,false,true
Href link,false,https://jobsbyculture.com/locations/bengaluru/finance,200,https://jobsbyculture.com/jobs?search=Bengaluru&role=finance,200,View all 7 finance jobs →,1,0,true,false,false,false,true
Href link,false,https://jobsbyculture.com/seniority/staff/design,200,https://jobsbyculture.com/jobs?seniority=staff&role=design,200,View all 36 jobs →,1,0,true,false,false,false,true
Href link,false,https://jobsbyculture.com/locations/munich/engineering,200,https://jobsbyculture.com/jobs?search=Munich&role=engineering,200,View all 13 engineering jobs →,1,0,true,false,false,false,true
Href link,false,https://jobsbyculture.com/roles/async/sales,200,https://jobsbyculture.com/jobs?value=async&role=sales,200,View all 15 jobs →,1,0,true,false,false,false,true
Href link,false,https://jobsbyculture.com/seniority/director/finance,200,https://jobsbyculture.com/jobs?seniority=director&role=finance,200,View all 13 jobs →,1,0,true,false,false,false,true
Href link,false,https://jobsbyculture.com/seniority/staff/sales,200,https://jobsbyculture.com/jobs?seniority=staff&role=sales,200,View all 11 jobs →,1,0,true,false,false,false,true
Href link,false,https://jobsbyculture.com/locations/remote/finance,200,https://jobsbyculture.com/jobs?search=Remote&role=finance,200,View all 13 finance jobs →,1,0,true,false,false,false,true
Href link,false,https://jobsbyculture.com/roles/deep-work/engineering,200,https://jobsbyculture.com/jobs?value=deep-work&role=engineering,200,View all 59 jobs →,1,0,true,false,false,false,true
Href link,false,https://jobsbyculture.com/seniority/entry/marketing,200,https://jobsbyculture.com/jobs?seniority=entry&role=marketing,200,View all 14 jobs →,1,0,true,false,false,false,true
Href link,false,https://jobsbyculture.com/seniority/entry/finance,200,https://jobsbyculture.com/jobs?seniority=entry&role=finance,200,View all 8 jobs →,1,0,true,false,false,false,true
Href link,false,https://jobsbyculture.com/roles/deep-work/data,200,https://jobsbyculture.com/jobs?value=deep-work&role=data,200,View all 6 jobs →,1,0,true,false,false,false,true
Href link,false,https://jobsbyculture.com/roles/equity/sales,200,https://jobsbyculture.com/jobs?value=equity&role=sales,200,View all 1006 jobs →,1,0,true,false,false,false,true
Href link,false,https://jobsbyculture.com/locations/singapore/operations,200,https://jobsbyculture.com/jobs?search=Singapore&role=operations,200,View all 7 operations jobs →,1,0,true,false,false,false,true
Href link,false,https://jobsbyculture.com/locations/dublin/engineering,200,https://jobsbyculture.com/jobs?search=Dublin&role=engineering,200,View all 39 engineering jobs →,1,0,true,false,false,false,true
Href link,false,https://jobsbyculture.com/roles/product-impact/engineering,200,https://jobsbyculture.com/jobs?value=product-impact&role=engineering,200,View all 1452 jobs →,1,0,true,false,false,false,true
Href link,false,https://jobsbyculture.com/roles/async/ml-ai,200,https://jobsbyculture.com/jobs?value=async&role=ml-ai,200,View all 8 jobs →,1,0,true,false,false,false,true
Href link,false,https://jobsbyculture.com/roles/remote/support,200,https://jobsbyculture.com/jobs?value=remote&role=support,200,View all 22 jobs →,1,0,true,false,false,false,true
Href link,false,https://jobsbyculture.com/seniority/staff/data,200,https://jobsbyculture.com/jobs?seniority=staff&role=data,200,View all 29 jobs →,1,0,true,false,false,false,true
Href link,false,https://jobsbyculture.com/roles/remote/operations,200,https://jobsbyculture.com/jobs?value=remote&role=operations,200,View all 31 jobs →,1,0,true,false,false,false,true
Href link,false,https://jobsbyculture.com/locations/new-york/ml-ai,200,https://jobsbyculture.com/jobs?search=New%20York%20City&role=ml-ai,200,View all 66 ml / ai jobs →,1,0,true,false,false,false,true
Href link,false,https://jobsbyculture.com/roles/flat/ml-ai,200,https://jobsbyculture.com/jobs?value=flat&role=ml-ai,200,View all 91 jobs →,1,0,true,false,false,false,true
Href link,false,https://jobsbyculture.com/locations/toronto/product,200,https://jobsbyculture.com/jobs?search=Toronto&role=product,200,View all 8 product jobs →,1,0,true,false,false,false,true
Href link,false,https://jobsbyculture.com/roles/flex-hours/sales,200,https://jobsbyculture.com/jobs?value=flex-hours&role=sales,200,View all 137 jobs →,1,0,true,false,false,false,true
Href link,false,https://jobsbyculture.com/roles/psych-safety/hr-people,200,https://jobsbyculture.com/jobs?value=psych-safety&role=hr-people,200,View all 3 jobs →,1,0,true,false,false,false,true
Href link,false,https://jobsbyculture.com/roles/product-impact/marketing,200,https://jobsbyculture.com/jobs?value=product-impact&role=marketing,200,View all 214 jobs →,1,0,true,false,false,false,true
Href link,false,https://jobsbyculture.com/directory,200,https://jobsbyculture.com/compare?a=runway,200,Compare →,1,0,true,false,false,false,true
Href link,false,https://jobsbyculture.com/seniority/mid/finance,200,https://jobsbyculture.com/jobs?seniority=mid&role=finance,200,View all 51 jobs →,1,0,true,false,false,false,true
Href link,false,https://jobsbyculture.com/locations/seattle/finance,200,https://jobsbyculture.com/jobs?search=Seattle&role=finance,200,View all 20 finance jobs →,1,0,true,false,false,false,true
Href link,false,https://jobsbyculture.com/roles/learning/operations,200,https://jobsbyculture.com/jobs?value=learning&role=operations,200,View all 141 jobs →,1,0,true,false,false,false,true
Href link,false,https://jobsbyculture.com/roles/ship-fast/product,200,https://jobsbyculture.com/jobs?value=ship-fast&role=product,200,View all 201 jobs →,1,0,true,false,false,false,true
Href link,false,https://jobsbyculture.com/roles/many-hats/ml-ai,200,https://jobsbyculture.com/jobs?value=many-hats&role=ml-ai,200,View all 60 jobs →,1,0,true,false,false,false,true
Href link,false,https://jobsbyculture.com/roles/wlb/sales,200,https://jobsbyculture.com/jobs?value=wlb&role=sales,200,View all 183 jobs →,1,0,true,false,false,false,true
Href link,false,https://jobsbyculture.com/seniority/entry,200,https://jobsbyculture.com/jobs?seniority=entry,200,View all 179 jobs →,1,0,true,false,false,false,true
Href link,false,https://jobsbyculture.com/locations/paris/product,200,https://jobsbyculture.com/jobs?search=Paris&role=product,200,View all 11 product jobs →,1,0,true,false,false,false,true
Href link,false,https://jobsbyculture.com/locations/remote/marketing,200,https://jobsbyculture.com/jobs?search=Remote&role=marketing,200,View all 48 marketing jobs →,1,0,true,false,false,false,true
Href link,false,https://jobsbyculture.com/seniority/senior/data,200,https://jobsbyculture.com/jobs?seniority=senior&role=data,200,View all 36 jobs →,1,0,true,false,false,false,true
Href link,false,https://jobsbyculture.com/roles/many-hats/sales,200,https://jobsbyculture.com/jobs?value=many-hats&role=sales,200,View all 184 jobs →,1,0,true,false,false,false,true
Href link,false,https://jobsbyculture.com/locations/seattle/hr-people,200,https://jobsbyculture.com/jobs?search=Seattle&role=hr-people,200,View all 10 hr / people jobs →,1,0,true,false,false,false,true
Href link,false,https://jobsbyculture.com/locations/paris/engineering,200,https://jobsbyculture.com/jobs?search=Paris&role=engineering,200,View all 79 engineering jobs →,1,0,true,false,false,false,true
Href link,false,https://jobsbyculture.com/roles/many-hats/data,200,https://jobsbyculture.com/jobs?value=many-hats&role=data,200,View all 25 jobs →,1,0,true,false,false,false,true
Href link,false,https://jobsbyculture.com/roles/ship-fast/data,200,https://jobsbyculture.com/jobs?value=ship-fast&role=data,200,View all 91 jobs →,1,0,true,false,false,false,true
Href link,false,https://jobsbyculture.com/roles/many-hats/design,200,https://jobsbyculture.com/jobs?value=many-hats&role=design,200,View all 20 jobs →,1,0,true,false,false,false,true
Href link,false,https://jobsbyculture.com/locations/new-york/finance,200,https://jobsbyculture.com/jobs?search=New%20York%20City&role=finance,200,View all 32 finance jobs →,1,0,true,false,false,false,true
Href link,false,https://jobsbyculture.com/roles/equity/operations,200,https://jobsbyculture.com/jobs?value=equity&role=operations,200,View all 153 jobs →,1,0,true,false,false,false,true
Href link,false,https://jobsbyculture.com/seniority/director,200,https://jobsbyculture.com/jobs?seniority=director,200,View all 327 jobs →,1,0,true,false,false,false,true
Href link,false,https://jobsbyculture.com/roles/learning/marketing,200,https://jobsbyculture.com/jobs?value=learning&role=marketing,200,View all 241 jobs →,1,0,true,false,false,false,true
Href link,false,https://jobsbyculture.com/roles/eng-driven/ml-ai,200,https://jobsbyculture.com/jobs?value=eng-driven&role=ml-ai,200,View all 247 jobs →,1,0,true,false,false,false,true
Href link,false,https://jobsbyculture.com/seniority/staff/engineering,200,https://jobsbyculture.com/jobs?seniority=staff&role=engineering,200,View all 361 jobs →,1,0,true,false,false,false,true
Href link,false,https://jobsbyculture.com/seniority/lead/marketing,200,https://jobsbyculture.com/jobs?seniority=lead&role=marketing,200,View all 183 jobs →,1,0,true,false,false,false,true
Href link,false,https://jobsbyculture.com/roles/equity/data,200,https://jobsbyculture.com/jobs?value=equity&role=data,200,View all 120 jobs →,1,0,true,false,false,false,true
Href link,false,https://jobsbyculture.com/directory,200,https://jobsbyculture.com/compare?a=langchain,200,Compare →,1,0,true,false,false,false,true
Href link,false,https://jobsbyculture.com/roles/open-source/finance,200,https://jobsbyculture.com/jobs?value=open-source&role=finance,200,View all 16 jobs →,1,0,true,false,false,false,true
Href link,false,https://jobsbyculture.com/roles/async/marketing,200,https://jobsbyculture.com/jobs?value=async&role=marketing,200,View all 6 jobs →,1,0,true,false,false,false,true
Href link,false,https://jobsbyculture.com/locations/dublin,200,https://jobsbyculture.com/jobs?search=Dublin,200,View all 198 jobs →,1,0,true,false,false,false,true
Href link,false,https://jobsbyculture.com/roles/transparent/operations,200,https://jobsbyculture.com/jobs?value=transparent&role=operations,200,View all 71 jobs →,1,0,true,false,false,false,true
Href link,false,https://jobsbyculture.com/locations/san-francisco/engineering,200,https://jobsbyculture.com/jobs?search=San%20Francisco%20Bay%20Area&role=engineering,200,View all 863 engineering jobs →,1,0,true,false,false,false,true
Href link,false,https://jobsbyculture.com/roles/diverse/legal,200,https://jobsbyculture.com/jobs?value=diverse&role=legal,200,View all 14 jobs →,1,0,true,false,false,false,true
Href link,false,https://jobsbyculture.com/locations/seattle/legal,200,https://jobsbyculture.com/jobs?search=Seattle&role=legal,200,View all 10 legal jobs →,1,0,true,false,false,false,true
Href link,false,https://jobsbyculture.com/roles/open-source/engineering,200,https://jobsbyculture.com/jobs?value=open-source&role=engineering,200,View all 368 jobs →,1,0,true,false,false,false,true
Href link,false,https://jobsbyculture.com/locations/san-francisco/sales,200,https://jobsbyculture.com/jobs?search=San%20Francisco%20Bay%20Area&role=sales,200,View all 274 sales / gtm jobs →,1,0,true,false,false,false,true
Href link,false,https://jobsbyculture.com/roles/open-source/data,200,https://jobsbyculture.com/jobs?value=open-source&role=data,200,View all 17 jobs →,1,0,true,false,false,false,true
Href link,false,https://jobsbyculture.com/locations/london/hr-people,200,https://jobsbyculture.com/jobs?search=London&role=hr-people,200,View all 10 hr / people jobs →,1,0,true,false,false,false,true
Href link,false,https://jobsbyculture.com/roles/equity/legal,200,https://jobsbyculture.com/jobs?value=equity&role=legal,200,View all 71 jobs →,1,0,true,false,false,false,true
Href link,false,https://jobsbyculture.com/roles/flat/design,200,https://jobsbyculture.com/jobs?value=flat&role=design,200,View all 14 jobs →,1,0,true,false,false,false,true
Href link,false,https://jobsbyculture.com/directory,200,https://jobsbyculture.com/compare?a=elevenlabs,200,Compare →,1,0,true,false,false,false,true
Href link,false,https://jobsbyculture.com/seniority/staff/ml-ai,200,https://jobsbyculture.com/jobs?seniority=staff&role=ml-ai,200,View all 29 jobs →,1,0,true,false,false,false,true
Href link,false,https://jobsbyculture.com/roles/remote/hr-people,200,https://jobsbyculture.com/jobs?value=remote&role=hr-people,200,View all 31 jobs →,1,0,true,false,false,false,true
Href link,false,https://jobsbyculture.com/roles/psych-safety/operations,200,https://jobsbyculture.com/jobs?value=psych-safety&role=operations,200,View all 4 jobs →,1,0,true,false,false,false,true
Href link,false,https://jobsbyculture.com/roles/deep-work/finance,200,https://jobsbyculture.com/jobs?value=deep-work&role=finance,200,View all 5 jobs →,1,0,true,false,false,false,true
Href link,false,https://jobsbyculture.com/roles/eng-driven/operations,200,https://jobsbyculture.com/jobs?value=eng-driven&role=operations,200,View all 190 jobs →,1,0,true,false,false,false,true
Href link,false,https://jobsbyculture.com/roles/equity/support,200,https://jobsbyculture.com/jobs?value=equity&role=support,200,View all 41 jobs →,1,0,true,false,false,false,true
Href link,false,https://jobsbyculture.com/roles/open-source/sales,200,https://jobsbyculture.com/jobs?value=open-source&role=sales,200,View all 126 jobs →,1,0,true,false,false,false,true
Href link,false,https://jobsbyculture.com/roles/async/design,200,https://jobsbyculture.com/jobs?value=async&role=design,200,View all 4 jobs →,1,0,true,false,false,false,true
Href link,false,https://jobsbyculture.com/roles/psych-safety/design,200,https://jobsbyculture.com/jobs?value=psych-safety&role=design,200,View all 19 jobs →,1,0,true,false,false,false,true
Href link,false,https://jobsbyculture.com/seniority/entry/legal,200,https://jobsbyculture.com/jobs?seniority=entry&role=legal,200,View all 6 jobs →,1,0,true,false,false,false,true
Href link,false,https://jobsbyculture.com/seniority/lead/sales,200,https://jobsbyculture.com/jobs?seniority=lead&role=sales,200,View all 405 jobs →,1,0,true,false,false,false,true
Href link,false,https://jobsbyculture.com/directory,200,https://jobsbyculture.com/compare?a=ramp,200,Compare →,1,0,true,false,false,false,true
Href link,false,https://jobsbyculture.com/roles/ml-ai,200,https://jobsbyculture.com/jobs?role=ml-ai,200,View all 269 jobs →,1,0,true,false,false,false,true
Href link,false,https://jobsbyculture.com/roles/flex-hours/ml-ai,200,https://jobsbyculture.com/jobs?value=flex-hours&role=ml-ai,200,View all 38 jobs →,1,0,true,false,false,false,true
Href link,false,https://jobsbyculture.com/roles/learning/sales,200,https://jobsbyculture.com/jobs?value=learning&role=sales,200,View all 1646 jobs →,1,0,true,false,false,false,true
Href link,false,https://jobsbyculture.com/seniority/senior,200,https://jobsbyculture.com/jobs?seniority=senior,200,View all 893 jobs →,1,0,true,false,false,false,true
Href link,false,https://jobsbyculture.com/locations/remote/product,200,https://jobsbyculture.com/jobs?search=Remote&role=product,200,View all 59 product jobs →,1,0,true,false,false,false,true
Href link,false,https://jobsbyculture.com/roles/deep-work/ml-ai,200,https://jobsbyculture.com/jobs?value=deep-work&role=ml-ai,200,View all 32 jobs →,1,0,true,false,false,false,true
Href link,false,https://jobsbyculture.com/directory,200,https://jobsbyculture.com/compare?a=anthropic,200,Compare →,1,0,true,false,false,false,true
Href link,false,https://jobsbyculture.com/directory,200,https://jobsbyculture.com/compare?a=mercury,200,Compare →,1,0,true,false,false,false,true
Href link,false,https://jobsbyculture.com/roles/transparent/support,200,https://jobsbyculture.com/jobs?value=transparent&role=support,200,View all 13 jobs →,1,0,true,false,false,false,true
Href link,false,https://jobsbyculture.com/roles/transparent/product,200,https://jobsbyculture.com/jobs?value=transparent&role=product,200,View all 140 jobs →,1,0,true,false,false,false,true
Href link,false,https://jobsbyculture.com/seniority/mid/legal,200,https://jobsbyculture.com/jobs?seniority=mid&role=legal,200,View all 61 jobs →,1,0,true,false,false,false,true
Href link,false,https://jobsbyculture.com/seniority/senior/legal,200,https://jobsbyculture.com/jobs?seniority=senior&role=legal,200,View all 22 jobs →,1,0,true,false,false,false,true
Href link,false,https://jobsbyculture.com/locations/remote/ml-ai,200,https://jobsbyculture.com/jobs?search=Remote&role=ml-ai,200,View all 32 ml / ai jobs →,1,0,true,false,false,false,true
Href link,false,https://jobsbyculture.com/roles/eng-driven/sales,200,https://jobsbyculture.com/jobs?value=eng-driven&role=sales,200,View all 1688 jobs →,1,0,true,false,false,false,true
Href link,false,https://jobsbyculture.com/seniority/senior/sales,200,https://jobsbyculture.com/jobs?seniority=senior&role=sales,200,View all 267 jobs →,1,0,true,false,false,false,true
Href link,false,https://jobsbyculture.com/locations/sydney/sales,200,https://jobsbyculture.com/jobs?search=Sydney&role=sales,200,View all 36 sales / gtm jobs →,1,0,true,false,false,false,true
Href link,false,https://jobsbyculture.com/locations/dublin/hr-people,200,https://jobsbyculture.com/jobs?search=Dublin&role=hr-people,200,View all 7 hr / people jobs →,1,0,true,false,false,false,true
Href link,false,https://jobsbyculture.com/locations/toronto,200,https://jobsbyculture.com/jobs?search=Toronto,200,View all 86 jobs →,1,0,true,false,false,false,true
Href link,false,https://jobsbyculture.com/roles/wlb/legal,200,https://jobsbyculture.com/jobs?value=wlb&role=legal,200,View all 10 jobs →,1,0,true,false,false,false,true
Href link,false,https://jobsbyculture.com/roles/many-hats/engineering,200,https://jobsbyculture.com/jobs?value=many-hats&role=engineering,200,View all 507 jobs →,1,0,true,false,false,false,true
Href link,false,https://jobsbyculture.com/roles/remote/product,200,https://jobsbyculture.com/jobs?value=remote&role=product,200,View all 65 jobs →,1,0,true,false,false,false,true
Href link,false,https://jobsbyculture.com/directory,200,https://jobsbyculture.com/compare?a=baseten,200,Compare →,1,0,true,false,false,false,true
Href link,false,https://jobsbyculture.com/locations/seattle,200,https://jobsbyculture.com/jobs?search=Seattle,200,View all 500 jobs →,1,0,true,false,false,false,true
Href link,false,https://jobsbyculture.com/roles/psych-safety/data,200,https://jobsbyculture.com/jobs?value=psych-safety&role=data,200,View all 14 jobs →,1,0,true,false,false,false,true
Href link,false,https://jobsbyculture.com/seniority/lead/design,200,https://jobsbyculture.com/jobs?seniority=lead&role=design,200,View all 17 jobs →,1,0,true,false,false,false,true
Href link,false,https://jobsbyculture.com/directory,200,https://jobsbyculture.com/compare?a=hubspot,200,Compare →,1,0,true,false,false,false,true
Href link,false,https://jobsbyculture.com/seniority/director/hr-people,200,https://jobsbyculture.com/jobs?seniority=director&role=hr-people,200,View all 8 jobs →,1,0,true,false,false,false,true
Href link,false,https://jobsbyculture.com/locations/toronto/engineering,200,https://jobsbyculture.com/jobs?search=Toronto&role=engineering,200,View all 32 engineering jobs →,1,0,true,false,false,false,true
Href link,false,https://jobsbyculture.com/locations/tokyo/marketing,200,https://jobsbyculture.com/jobs?search=Tokyo&role=marketing,200,View all 7 marketing jobs →,1,0,true,false,false,false,true
Href link,false,https://jobsbyculture.com/locations/sydney,200,https://jobsbyculture.com/jobs?search=Sydney,200,View all 59 jobs →,1,0,true,false,false,false,true
Href link,false,https://jobsbyculture.com/locations/san-francisco/operations,200,https://jobsbyculture.com/jobs?search=San%20Francisco%20Bay%20Area&role=operations,200,View all 55 operations jobs →,1,0,true,false,false,false,true
Href link,false,https://jobsbyculture.com/roles/async/product,200,https://jobsbyculture.com/jobs?value=async&role=product,200,View all 4 jobs →,1,0,true,false,false,false,true
Href link,false,https://jobsbyculture.com/locations/new-york/engineering,200,https://jobsbyculture.com/jobs?search=New%20York%20City&role=engineering,200,View all 428 engineering jobs →,1,0,true,false,false,false,true
Href link,false,https://jobsbyculture.com/seniority/staff,200,https://jobsbyculture.com/jobs?seniority=staff,200,View all 525 jobs →,1,0,true,false,false,false,true
Href link,false,https://jobsbyculture.com/roles/ethical-ai/data,200,https://jobsbyculture.com/jobs?value=ethical-ai&role=data,200,View all 43 jobs →,1,0,true,false,false,false,true
Href link,false,https://jobsbyculture.com/roles/ship-fast/operations,200,https://jobsbyculture.com/jobs?value=ship-fast&role=operations,200,View all 109 jobs →,1,0,true,false,false,false,true
Href link,false,https://jobsbyculture.com/directory,200,https://jobsbyculture.com/compare?a=huggingface,200,Compare →,1,0,true,false,false,false,true
Href link,false,https://jobsbyculture.com/roles/product-impact/legal,200,https://jobsbyculture.com/jobs?value=product-impact&role=legal,200,View all 83 jobs →,1,0,true,false,false,false,true
Href link,false,https://jobsbyculture.com/locations/san-francisco/marketing,200,https://jobsbyculture.com/jobs?search=San%20Francisco%20Bay%20Area&role=marketing,200,View all 124 marketing jobs →,1,0,true,false,false,false,true
Href link,false,https://jobsbyculture.com/roles/transparent/ml-ai,200,https://jobsbyculture.com/jobs?value=transparent&role=ml-ai,200,View all 35 jobs →,1,0,true,false,false,false,true
Href link,false,https://jobsbyculture.com/locations/new-york,200,https://jobsbyculture.com/jobs?search=New%20York%20City,200,"View all 1,299 jobs →",1,0,true,false,false,false,true
Href link,false,https://jobsbyculture.com/roles/async/engineering,200,https://jobsbyculture.com/jobs?value=async&role=engineering,200,View all 40 jobs →,1,0,true,false,false,false,true
Href link,false,https://jobsbyculture.com/roles/ethical-ai/sales,200,https://jobsbyculture.com/jobs?value=ethical-ai&role=sales,200,View all 223 jobs →,1,0,true,false,false,false,true
Href link,false,https://jobsbyculture.com/roles/flex-hours/support,200,https://jobsbyculture.com/jobs?value=flex-hours&role=support,200,View all 7 jobs →,1,0,true,false,false,false,true
Href link,false,https://jobsbyculture.com/locations/chicago/sales,200,https://jobsbyculture.com/jobs?search=Chicago&role=sales,200,View all 30 sales / gtm jobs →,1,0,true,false,false,false,true
Href link,false,https://jobsbyculture.com/locations/remote,200,https://jobsbyculture.com/jobs?search=Remote,200,View all 903 jobs →,1,0,true,false,false,false,true
Href link,false,https://jobsbyculture.com/seniority/mid/product,200,https://jobsbyculture.com/jobs?seniority=mid&role=product,200,View all 8 jobs →,1,0,true,false,false,false,true
