PR,URL,Title,Content type,Is rendered page,HTTP status code,Organic traffic,Depth,No. of inlinks dofollow,No. of inlinks nofollow,No. of href inlinks
20,https://jobsbyculture.com/roles/flat/finance,Flat Hierarchy Finance Jobs | AI & Tech Companies | JobsByCulture,text/html; charset=utf-8,false,200,0,0,1,0,1
20,https://jobsbyculture.com/roles/deep-work/legal,Deep Work / Low Meetings Legal Jobs | AI & Tech Companies | JobsByCulture,text/html; charset=utf-8,false,200,0,0,1,0,1
20,https://jobsbyculture.com/roles/diverse/support,Diverse & Inclusive Support Jobs | AI & Tech Companies | JobsByCulture,text/html; charset=utf-8,false,200,0,0,1,0,1
20,https://jobsbyculture.com/roles/social-impact/finance,Mission-Driven Finance Jobs | AI & Tech Companies | JobsByCulture,text/html; charset=utf-8,false,200,0,0,1,0,1
20,https://jobsbyculture.com/roles/deep-work/marketing,Deep Work / Low Meetings Marketing Jobs | AI & Tech Companies | JobsByCulture,text/html; charset=utf-8,false,200,0,0,1,0,1
20,https://jobsbyculture.com/blog/working-at-perplexity-2026,Working at Perplexity AI in 2026: Culture & Comp,text/html; charset=utf-8,false,200,0,0,1,0,1
20,https://jobsbyculture.com/blog/working-at-supabase-2026,"Working at Supabase in 2026: Culture, Compensation & What Employees Say | JobsByCulture",text/html; charset=utf-8,false,200,0,0,1,0,1
20,https://jobsbyculture.com/roles/eng-driven/hr-people,Engineering-Driven HR / People Jobs | AI & Tech Companies | JobsByCulture,text/html; charset=utf-8,false,200,0,0,1,0,1
20,https://jobsbyculture.com/roles/flex-hours/sales,Flexible Hours Sales / GTM Jobs | AI & Tech Companies | JobsByCulture,text/html; charset=utf-8,false,200,0,0,1,0,1
20,https://jobsbyculture.com/roles/diverse/engineering,Diverse & Inclusive Engineering Jobs | AI & Tech Companies | JobsByCulture,text/html; charset=utf-8,false,200,0,0,1,0,1
20,https://jobsbyculture.com/roles/flex-hours/marketing,Flexible Hours Marketing Jobs | AI & Tech Companies | JobsByCulture,text/html; charset=utf-8,false,200,0,0,1,0,1
20,https://jobsbyculture.com/roles/diverse/operations,Diverse & Inclusive Operations Jobs | AI & Tech Companies | JobsByCulture,text/html; charset=utf-8,false,200,0,0,1,0,1
20,https://jobsbyculture.com/roles/wlb/sales,Work-Life Balance Sales / GTM Jobs | AI & Tech Companies | JobsByCulture,text/html; charset=utf-8,false,200,0,0,1,0,1
20,https://jobsbyculture.com/roles/equity/hr-people,Strong Comp & Equity HR / People Jobs | AI & Tech Companies | JobsByCulture,text/html; charset=utf-8,false,200,0,0,1,0,1
20,https://jobsbyculture.com/roles/open-source/sales,Open Source Sales / GTM Jobs | AI & Tech Companies | JobsByCulture,text/html; charset=utf-8,false,200,0,0,1,0,1
20,https://jobsbyculture.com/roles/learning/legal,Learning & Growth Legal Jobs | AI & Tech Companies | JobsByCulture,text/html; charset=utf-8,false,200,0,0,1,0,1
20,https://jobsbyculture.com/roles/many-hats/legal,Wears Many Hats Legal Jobs | AI & Tech Companies | JobsByCulture,text/html; charset=utf-8,false,200,0,0,1,0,1
20,https://jobsbyculture.com/roles/flex-hours/ml-ai,Flexible Hours ML / AI Jobs | AI & Tech Companies | JobsByCulture,text/html; charset=utf-8,false,200,0,0,1,0,1
20,https://jobsbyculture.com/roles/social-impact/sales,Mission-Driven Sales / GTM Jobs | AI & Tech Companies | JobsByCulture,text/html; charset=utf-8,false,200,0,0,1,0,1
20,https://jobsbyculture.com/roles/remote/ml-ai,Remote-Friendly ML / AI Jobs | AI & Tech Companies | JobsByCulture,text/html; charset=utf-8,false,200,0,0,1,0,1
20,https://jobsbyculture.com/roles/equity/legal,Strong Comp & Equity Legal Jobs | AI & Tech Companies | JobsByCulture,text/html; charset=utf-8,false,200,0,0,1,0,1
20,https://jobsbyculture.com/roles/async/design,Async-First Design Jobs | AI & Tech Companies | JobsByCulture,text/html; charset=utf-8,false,200,0,0,1,0,1
20,https://jobsbyculture.com/compare/databricks-vs-snowflake,Databricks vs Snowflake Inc.: Culture & Glassdoor Compared | JobsByCulture,text/html; charset=utf-8,false,200,0,0,1,0,1
20,https://jobsbyculture.com/roles/flat/engineering,Flat Hierarchy Engineering Jobs | AI & Tech Companies | JobsByCulture,text/html; charset=utf-8,false,200,0,0,1,0,1
20,https://jobsbyculture.com/roles/ship-fast/finance,Ship Fast & Iterate Finance Jobs | AI & Tech Companies | JobsByCulture,text/html; charset=utf-8,false,200,0,0,1,0,1
20,https://jobsbyculture.com/roles/product-impact/finance,Direct Product Impact Finance Jobs | AI & Tech Companies | JobsByCulture,text/html; charset=utf-8,false,200,0,0,1,0,1
20,https://jobsbyculture.com/roles/eng-driven/support,Engineering-Driven Support Jobs | AI & Tech Companies | JobsByCulture,text/html; charset=utf-8,false,200,0,0,1,0,1
20,https://jobsbyculture.com/roles/flat/product,Flat Hierarchy Product Jobs | AI & Tech Companies | JobsByCulture,text/html; charset=utf-8,false,200,0,0,1,0,1
20,https://jobsbyculture.com/roles/diverse/marketing,Diverse & Inclusive Marketing Jobs | AI & Tech Companies | JobsByCulture,text/html; charset=utf-8,false,200,0,0,1,0,1
20,https://jobsbyculture.com/roles/remote/product,Remote-Friendly Product Jobs | AI & Tech Companies | JobsByCulture,text/html; charset=utf-8,false,200,0,0,1,0,1
20,https://jobsbyculture.com/blog/openai-vs-deepmind-culture-comparison,OpenAI vs DeepMind: Culture Compared,text/html; charset=utf-8,false,200,0,0,1,0,1
20,https://jobsbyculture.com/roles/deep-work/sales,Deep Work / Low Meetings Sales / GTM Jobs | AI & Tech Companies | JobsByCulture,text/html; charset=utf-8,false,200,0,0,1,0,1
20,https://jobsbyculture.com/roles/async/product,Async-First Product Jobs | AI & Tech Companies | JobsByCulture,text/html; charset=utf-8,false,200,0,0,1,0,1
20,https://jobsbyculture.com/compare/openai-vs-microsoft,OpenAI vs Microsoft Corporation: Culture & Glassdoor Compared | JobsByCulture,text/html; charset=utf-8,false,200,0,0,1,0,1
20,https://jobsbyculture.com/roles/wlb/product,Work-Life Balance Product Jobs | AI & Tech Companies | JobsByCulture,text/html; charset=utf-8,false,200,0,0,1,0,1
20,https://jobsbyculture.com/roles/async/ml-ai,Async-First ML / AI Jobs | AI & Tech Companies | JobsByCulture,text/html; charset=utf-8,false,200,0,0,1,0,1
20,https://jobsbyculture.com/roles/deep-work/product,Deep Work / Low Meetings Product Jobs | AI & Tech Companies | JobsByCulture,text/html; charset=utf-8,false,200,0,0,1,0,1
20,https://jobsbyculture.com/roles/open-source/marketing,Open Source Marketing Jobs | AI & Tech Companies | JobsByCulture,text/html; charset=utf-8,false,200,0,0,1,0,1
20,https://jobsbyculture.com/roles/remote/support,Remote-Friendly Support Jobs | AI & Tech Companies | JobsByCulture,text/html; charset=utf-8,false,200,0,0,1,0,1
20,https://jobsbyculture.com/blog/working-at-together-ai-2026,"Working at Together AI in 2026: Culture, Compensation & What Employees Say | JobsByCulture",text/html; charset=utf-8,false,200,0,0,1,0,1
20,https://jobsbyculture.com/roles/open-source/support,Open Source Support Jobs | AI & Tech Companies | JobsByCulture,text/html; charset=utf-8,false,200,0,0,1,0,1
20,https://jobsbyculture.com/roles/flex-hours/data,Flexible Hours Data Jobs | AI & Tech Companies | JobsByCulture,text/html; charset=utf-8,false,200,0,0,1,0,1
20,https://jobsbyculture.com/roles/open-source/operations,Open Source Operations Jobs | AI & Tech Companies | JobsByCulture,text/html; charset=utf-8,false,200,0,0,1,0,1
20,https://jobsbyculture.com/roles/deep-work/hr-people,Deep Work / Low Meetings HR / People Jobs | AI & Tech Companies | JobsByCulture,text/html; charset=utf-8,false,200,0,0,1,0,1
20,https://jobsbyculture.com/roles/social-impact/product,Mission-Driven Product Jobs | AI & Tech Companies | JobsByCulture,text/html; charset=utf-8,false,200,0,0,1,0,1
20,https://jobsbyculture.com/roles/many-hats/product,Wears Many Hats Product Jobs | AI & Tech Companies | JobsByCulture,text/html; charset=utf-8,false,200,0,0,1,0,1
20,https://jobsbyculture.com/roles/transparent/finance,Transparent Finance Jobs | AI & Tech Companies | JobsByCulture,text/html; charset=utf-8,false,200,0,0,1,0,1
20,https://jobsbyculture.com/roles/wlb/design,Work-Life Balance Design Jobs | AI & Tech Companies | JobsByCulture,text/html; charset=utf-8,false,200,0,0,1,0,1
20,https://jobsbyculture.com/roles/ethical-ai/sales,Ethical AI / Safety Sales / GTM Jobs | AI & Tech Companies | JobsByCulture,text/html; charset=utf-8,false,200,0,0,1,0,1
20,https://jobsbyculture.com/roles/remote/data,Remote-Friendly Data Jobs | AI & Tech Companies | JobsByCulture,text/html; charset=utf-8,false,200,0,0,1,0,1
20,https://jobsbyculture.com/roles/social-impact/operations,Mission-Driven Operations Jobs | AI & Tech Companies | JobsByCulture,text/html; charset=utf-8,false,200,0,0,1,0,1
20,https://jobsbyculture.com/roles/eng-driven/legal,Engineering-Driven Legal Jobs | AI & Tech Companies | JobsByCulture,text/html; charset=utf-8,false,200,0,0,1,0,1
20,https://jobsbyculture.com/roles/flex-hours/engineering,Flexible Hours Engineering Jobs | AI & Tech Companies | JobsByCulture,text/html; charset=utf-8,false,200,0,0,1,0,1
20,https://jobsbyculture.com/roles/product-impact/support,Direct Product Impact Support Jobs | AI & Tech Companies | JobsByCulture,text/html; charset=utf-8,false,200,0,0,1,0,1
20,https://jobsbyculture.com/compare/figma-vs-canva,Figma vs Canva: Culture & Glassdoor Compared | JobsByCulture,text/html; charset=utf-8,false,200,0,0,1,0,1
20,https://jobsbyculture.com/roles/social-impact/legal,Mission-Driven Legal Jobs | AI & Tech Companies | JobsByCulture,text/html; charset=utf-8,false,200,0,0,1,0,1
20,https://jobsbyculture.com/roles/many-hats/marketing,Wears Many Hats Marketing Jobs | AI & Tech Companies | JobsByCulture,text/html; charset=utf-8,false,200,0,0,1,0,1
20,https://jobsbyculture.com/compare/stripe-vs-google,Stripe vs Google: Culture & Glassdoor Compared | JobsByCulture,text/html; charset=utf-8,false,200,0,0,1,0,1
20,https://jobsbyculture.com/roles/psych-safety/sales,Safe to Fail Sales / GTM Jobs | AI & Tech Companies | JobsByCulture,text/html; charset=utf-8,false,200,0,0,1,0,1
20,https://jobsbyculture.com/blog/working-at-deepmind-2026,Working at Google DeepMind in 2026: Culture & Comp,text/html; charset=utf-8,false,200,0,0,1,0,1
20,https://jobsbyculture.com/roles/deep-work/ml-ai,Deep Work / Low Meetings ML / AI Jobs | AI & Tech Companies | JobsByCulture,text/html; charset=utf-8,false,200,0,0,1,0,1
20,https://jobsbyculture.com/roles/psych-safety/ml-ai,Safe to Fail ML / AI Jobs | AI & Tech Companies | JobsByCulture,text/html; charset=utf-8,false,200,0,0,1,0,1
20,https://jobsbyculture.com/roles/transparent/legal,Transparent Legal Jobs | AI & Tech Companies | JobsByCulture,text/html; charset=utf-8,false,200,0,0,1,0,1
20,https://jobsbyculture.com/roles/learning/design,Learning & Growth Design Jobs | AI & Tech Companies | JobsByCulture,text/html; charset=utf-8,false,200,0,0,1,0,1
20,https://jobsbyculture.com/roles/async/engineering,Async-First Engineering Jobs | AI & Tech Companies | JobsByCulture,text/html; charset=utf-8,false,200,0,0,1,0,1
20,https://jobsbyculture.com/roles/async/marketing,Async-First Marketing Jobs | AI & Tech Companies | JobsByCulture,text/html; charset=utf-8,false,200,0,0,1,0,1
20,https://jobsbyculture.com/compare/airbnb-vs-uber,"Airbnb vs Uber Technologies, Inc.: Culture & Glassdoor Compared | JobsByCulture",text/html; charset=utf-8,false,200,0,0,1,0,1
20,https://jobsbyculture.com/roles/learning/hr-people,Learning & Growth HR / People Jobs | AI & Tech Companies | JobsByCulture,text/html; charset=utf-8,false,200,0,0,1,0,1
20,https://jobsbyculture.com/roles/flex-hours/support,Flexible Hours Support Jobs | AI & Tech Companies | JobsByCulture,text/html; charset=utf-8,false,200,0,0,1,0,1
20,https://jobsbyculture.com/roles/psych-safety/product,Safe to Fail Product Jobs | AI & Tech Companies | JobsByCulture,text/html; charset=utf-8,false,200,0,0,1,0,1
20,https://jobsbyculture.com/roles/social-impact/engineering,Mission-Driven Engineering Jobs | AI & Tech Companies | JobsByCulture,text/html; charset=utf-8,false,200,0,0,1,0,1
20,https://jobsbyculture.com/roles/flat/legal,Flat Hierarchy Legal Jobs | AI & Tech Companies | JobsByCulture,text/html; charset=utf-8,false,200,0,0,1,0,1
20,https://jobsbyculture.com/roles/psych-safety/marketing,Safe to Fail Marketing Jobs | AI & Tech Companies | JobsByCulture,text/html; charset=utf-8,false,200,0,0,1,0,1
20,https://jobsbyculture.com/compare/hubspot-vs-salesforce,HubSpot vs Salesforce: Culture & Glassdoor Compared | JobsByCulture,text/html; charset=utf-8,false,200,0,0,1,0,1
20,https://jobsbyculture.com/roles/flex-hours/design,Flexible Hours Design Jobs | AI & Tech Companies | JobsByCulture,text/html; charset=utf-8,false,200,0,0,1,0,1
20,https://jobsbyculture.com/roles/ethical-ai/legal,Ethical AI / Safety Legal Jobs | AI & Tech Companies | JobsByCulture,text/html; charset=utf-8,false,200,0,0,1,0,1
20,https://jobsbyculture.com/roles/psych-safety/design,Safe to Fail Design Jobs | AI & Tech Companies | JobsByCulture,text/html; charset=utf-8,false,200,0,0,1,0,1
20,https://jobsbyculture.com/roles/psych-safety/support,Safe to Fail Support Jobs | AI & Tech Companies | JobsByCulture,text/html; charset=utf-8,false,200,0,0,1,0,1
20,https://jobsbyculture.com/roles/wlb/ml-ai,Work-Life Balance ML / AI Jobs | AI & Tech Companies | JobsByCulture,text/html; charset=utf-8,false,200,0,0,1,0,1
20,https://jobsbyculture.com/roles/deep-work/engineering,Deep Work / Low Meetings Engineering Jobs | AI & Tech Companies | JobsByCulture,text/html; charset=utf-8,false,200,0,0,1,0,1
20,https://jobsbyculture.com/compare/anthropic-vs-google,Anthropic vs Google: Culture & Glassdoor Compared | JobsByCulture,text/html; charset=utf-8,false,200,0,0,1,0,1
20,https://jobsbyculture.com/roles/social-impact/ml-ai,Mission-Driven ML / AI Jobs | AI & Tech Companies | JobsByCulture,text/html; charset=utf-8,false,200,0,0,1,0,1
20,https://jobsbyculture.com/roles/wlb/data,Work-Life Balance Data Jobs | AI & Tech Companies | JobsByCulture,text/html; charset=utf-8,false,200,0,0,1,0,1
20,https://jobsbyculture.com/roles/flat/sales,Flat Hierarchy Sales / GTM Jobs | AI & Tech Companies | JobsByCulture,text/html; charset=utf-8,false,200,0,0,1,0,1
20,https://jobsbyculture.com/compare/openai-vs-meta,"OpenAI vs Meta Platforms, Inc.: Culture & Glassdoor Compared | JobsByCulture",text/html; charset=utf-8,false,200,0,0,1,0,1
20,https://jobsbyculture.com/compare/openai-vs-google,OpenAI vs Google: Culture & Glassdoor Compared | JobsByCulture,text/html; charset=utf-8,false,200,0,0,1,0,1
20,https://jobsbyculture.com/roles/open-source/hr-people,Open Source HR / People Jobs | AI & Tech Companies | JobsByCulture,text/html; charset=utf-8,false,200,0,0,1,0,1
20,https://jobsbyculture.com/roles/open-source/engineering,Open Source Engineering Jobs | AI & Tech Companies | JobsByCulture,text/html; charset=utf-8,false,200,0,0,1,0,1
20,https://jobsbyculture.com/roles/ship-fast/design,Ship Fast & Iterate Design Jobs | AI & Tech Companies | JobsByCulture,text/html; charset=utf-8,false,200,0,0,1,0,1
20,https://jobsbyculture.com/roles/async/sales,Async-First Sales / GTM Jobs | AI & Tech Companies | JobsByCulture,text/html; charset=utf-8,false,200,0,0,1,0,1
20,https://jobsbyculture.com/roles/open-source/product,Open Source Product Jobs | AI & Tech Companies | JobsByCulture,text/html; charset=utf-8,false,200,0,0,1,0,1
20,https://jobsbyculture.com/roles/ship-fast/legal,Ship Fast & Iterate Legal Jobs | AI & Tech Companies | JobsByCulture,text/html; charset=utf-8,false,200,0,0,1,0,1
20,https://jobsbyculture.com/roles/social-impact/marketing,Mission-Driven Marketing Jobs | AI & Tech Companies | JobsByCulture,text/html; charset=utf-8,false,200,0,0,1,0,1
20,https://jobsbyculture.com/roles/diverse/ml-ai,Diverse & Inclusive ML / AI Jobs | AI & Tech Companies | JobsByCulture,text/html; charset=utf-8,false,200,0,0,1,0,1
20,https://jobsbyculture.com/roles/equity/design,Strong Comp & Equity Design Jobs | AI & Tech Companies | JobsByCulture,text/html; charset=utf-8,false,200,0,0,1,0,1
20,https://jobsbyculture.com/roles/product-impact/design,Direct Product Impact Design Jobs | AI & Tech Companies | JobsByCulture,text/html; charset=utf-8,false,200,0,0,1,0,1
20,https://jobsbyculture.com/roles/wlb/marketing,Work-Life Balance Marketing Jobs | AI & Tech Companies | JobsByCulture,text/html; charset=utf-8,false,200,0,0,1,0,1
20,https://jobsbyculture.com/roles/learning/support,Learning & Growth Support Jobs | AI & Tech Companies | JobsByCulture,text/html; charset=utf-8,false,200,0,0,1,0,1
20,https://jobsbyculture.com/roles/open-source/ml-ai,Open Source ML / AI Jobs | AI & Tech Companies | JobsByCulture,text/html; charset=utf-8,false,200,0,0,1,0,1
20,https://jobsbyculture.com/compare/anthropic-vs-meta,"Anthropic vs Meta Platforms, Inc.: Culture & Glassdoor Compared | JobsByCulture",text/html; charset=utf-8,false,200,0,0,1,0,1
20,https://jobsbyculture.com/blog/working-at-airbnb-2026,"Working at Airbnb in 2026: Glassdoor Rating, Salary & Live and Work Anywhere Policy | JobsByCulture",text/html; charset=utf-8,false,200,0,0,1,0,1
20,https://jobsbyculture.com/roles/wlb/engineering,Work-Life Balance Engineering Jobs | AI & Tech Companies | JobsByCulture,text/html; charset=utf-8,false,200,0,0,1,0,1
20,https://jobsbyculture.com/roles/remote/engineering,Remote-Friendly Engineering Jobs | AI & Tech Companies | JobsByCulture,text/html; charset=utf-8,false,200,0,0,1,0,1
20,https://jobsbyculture.com/roles/psych-safety/engineering,Safe to Fail Engineering Jobs | AI & Tech Companies | JobsByCulture,text/html; charset=utf-8,false,200,0,0,1,0,1
20,https://jobsbyculture.com/roles/eng-driven/design,Engineering-Driven Design Jobs | AI & Tech Companies | JobsByCulture,text/html; charset=utf-8,false,200,0,0,1,0,1
20,https://jobsbyculture.com/roles/many-hats/sales,Wears Many Hats Sales / GTM Jobs | AI & Tech Companies | JobsByCulture,text/html; charset=utf-8,false,200,0,0,1,0,1
20,https://jobsbyculture.com/roles/psych-safety/data,Safe to Fail Data Jobs | AI & Tech Companies | JobsByCulture,text/html; charset=utf-8,false,200,0,0,1,0,1
20,https://jobsbyculture.com/roles/product-impact/legal,Direct Product Impact Legal Jobs | AI & Tech Companies | JobsByCulture,text/html; charset=utf-8,false,200,0,0,1,0,1
20,https://jobsbyculture.com/roles/flat/data,Flat Hierarchy Data Jobs | AI & Tech Companies | JobsByCulture,text/html; charset=utf-8,false,200,0,0,1,0,1
20,https://jobsbyculture.com/compare/palantir-vs-databricks,Palantir Technologies vs Databricks: Culture & Glassdoor Compared | JobsByCulture,text/html; charset=utf-8,false,200,0,0,1,0,1
20,https://jobsbyculture.com/roles/equity/support,Strong Comp & Equity Support Jobs | AI & Tech Companies | JobsByCulture,text/html; charset=utf-8,false,200,0,0,1,0,1
20,https://jobsbyculture.com/roles/flex-hours/product,Flexible Hours Product Jobs | AI & Tech Companies | JobsByCulture,text/html; charset=utf-8,false,200,0,0,1,0,1
20,https://jobsbyculture.com/roles/open-source/legal,Open Source Legal Jobs | AI & Tech Companies | JobsByCulture,text/html; charset=utf-8,false,200,0,0,1,0,1
20,https://jobsbyculture.com/roles/flat/marketing,Flat Hierarchy Marketing Jobs | AI & Tech Companies | JobsByCulture,text/html; charset=utf-8,false,200,0,0,1,0,1
20,https://jobsbyculture.com/roles/deep-work/design,Deep Work / Low Meetings Design Jobs | AI & Tech Companies | JobsByCulture,text/html; charset=utf-8,false,200,0,0,1,0,1
20,https://jobsbyculture.com/blog/working-at-mistral-2026,"Working at Mistral AI in 2026: Culture, Compensation & What Employees Say | JobsByCulture",text/html; charset=utf-8,false,200,0,0,1,0,1
20,https://jobsbyculture.com/compare/snowflake-vs-databricks,Snowflake Inc. vs Databricks Culture Comparison,text/html; charset=utf-8,false,200,0,0,1,0,1
20,https://jobsbyculture.com/blog/working-at-grafana-labs-2026,"Working at Grafana Labs in 2026: Fully Remote, 4.1 Glassdoor & Open Roles",text/html; charset=utf-8,false,200,0,0,1,0,1
