PR,URL,Title,Content type,Is rendered page,HTTP status code,Organic traffic,Depth,Title length,No. of titles,Is indexable page
20,https://jobsbyculture.com/roles/deep-work/legal,Deep Work / Low Meetings Legal Jobs | AI & Tech Companies | JobsByCulture,text/html; charset=utf-8,false,200,0,0,73,1,true
20,https://jobsbyculture.com/compare/anthropic-vs-cursor,Anthropic vs Cursor (Anysphere): Culture & Glassdoor Compared | JobsByCulture,text/html; charset=utf-8,false,200,0,0,77,1,true
20,https://jobsbyculture.com/roles/product-impact/operations,Direct Product Impact Operations Jobs | AI & Tech Companies | JobsByCulture,text/html; charset=utf-8,false,200,0,0,75,1,true
20,https://jobsbyculture.com/roles/ship-fast/engineering,Ship Fast & Iterate Engineering Jobs | AI & Tech Companies | JobsByCulture,text/html; charset=utf-8,false,200,0,0,74,1,true
20,https://jobsbyculture.com/locations/new-york/hr-people,HR / People Jobs in New York City | AI & Tech Companies | JobsByCulture,text/html; charset=utf-8,false,200,0,0,71,1,true
20,https://jobsbyculture.com/roles/wlb/operations,Work-Life Balance Operations Jobs | AI & Tech Companies | JobsByCulture,text/html; charset=utf-8,false,200,0,0,71,1,true
20,https://jobsbyculture.com/roles/deep-work/marketing,Deep Work / Low Meetings Marketing Jobs | AI & Tech Companies | JobsByCulture,text/html; charset=utf-8,false,200,0,0,77,1,true
20,https://jobsbyculture.com/roles/diverse/hr-people,Diverse & Inclusive HR / People Jobs | AI & Tech Companies | JobsByCulture,text/html; charset=utf-8,false,200,0,0,74,1,true
20,https://jobsbyculture.com/compare/perplexity-vs-tailscale,Perplexity AI vs Tailscale: Culture & Glassdoor Compared | JobsByCulture,text/html; charset=utf-8,false,200,0,0,72,1,true
20,https://jobsbyculture.com/locations/san-francisco/finance,Finance Jobs in San Francisco Bay Area | AI & Tech Companies | JobsByCulture,text/html; charset=utf-8,false,200,0,0,76,1,true
20,https://jobsbyculture.com/blog/working-at-supabase-2026,"Working at Supabase in 2026: Culture, Compensation & What Employees Say | JobsByCulture",text/html; charset=utf-8,false,200,0,0,87,1,true
20,https://jobsbyculture.com/compare/databricks-vs-fireworksai,Databricks vs Fireworks AI: Culture & Glassdoor Compared | JobsByCulture,text/html; charset=utf-8,false,200,0,0,72,1,true
20,https://jobsbyculture.com/roles/eng-driven/hr-people,Engineering-Driven HR / People Jobs | AI & Tech Companies | JobsByCulture,text/html; charset=utf-8,false,200,0,0,73,1,true
20,https://jobsbyculture.com/compare/deepmind-vs-together,Google DeepMind vs Together AI: Culture & Glassdoor Compared | JobsByCulture,text/html; charset=utf-8,false,200,0,0,76,1,true
20,https://jobsbyculture.com/roles/ethical-ai/operations,Ethical AI / Safety Operations Jobs | AI & Tech Companies | JobsByCulture,text/html; charset=utf-8,false,200,0,0,73,1,true
20,https://jobsbyculture.com/roles/diverse/engineering,Diverse & Inclusive Engineering Jobs | AI & Tech Companies | JobsByCulture,text/html; charset=utf-8,false,200,0,0,74,1,true
20,https://jobsbyculture.com/compare/huggingface-vs-mistral,Hugging Face vs Mistral AI: Culture & Glassdoor Compared | JobsByCulture,text/html; charset=utf-8,false,200,0,0,72,1,true
20,https://jobsbyculture.com/compare/cursor-vs-weaviate,Cursor (Anysphere) vs Weaviate: Culture & Glassdoor Compared | JobsByCulture,text/html; charset=utf-8,false,200,0,0,76,1,true
20,https://jobsbyculture.com/compare/airbnb-vs-deepmind,Airbnb vs Google DeepMind: Culture & Glassdoor Compared | JobsByCulture,text/html; charset=utf-8,false,200,0,0,71,1,true
20,https://jobsbyculture.com/roles/diverse/operations,Diverse & Inclusive Operations Jobs | AI & Tech Companies | JobsByCulture,text/html; charset=utf-8,false,200,0,0,73,1,true
20,https://jobsbyculture.com/compare/cursor-vs-linear,Cursor (Anysphere) vs Linear: Culture & Glassdoor Compared | JobsByCulture,text/html; charset=utf-8,false,200,0,0,74,1,true
20,https://jobsbyculture.com/compare/databricks-vs-incidentio,Databricks vs incident.io: Culture & Glassdoor Compared | JobsByCulture,text/html; charset=utf-8,false,200,0,0,71,1,true
20,https://jobsbyculture.com/roles/wlb/sales,Work-Life Balance Sales / GTM Jobs | AI & Tech Companies | JobsByCulture,text/html; charset=utf-8,false,200,0,0,72,1,true
20,https://jobsbyculture.com/compare/apollo-vs-fireworksai,Apollo.io vs Fireworks AI: Culture & Glassdoor Compared | JobsByCulture,text/html; charset=utf-8,false,200,0,0,71,1,true
20,https://jobsbyculture.com/compare/cursor-vs-tailscale,Cursor (Anysphere) vs Tailscale: Culture & Glassdoor Compared | JobsByCulture,text/html; charset=utf-8,false,200,0,0,77,1,true
20,https://jobsbyculture.com/roles/equity/hr-people,Strong Comp & Equity HR / People Jobs | AI & Tech Companies | JobsByCulture,text/html; charset=utf-8,false,200,0,0,75,1,true
20,https://jobsbyculture.com/compare/deepmind-vs-tailscale,Google DeepMind vs Tailscale: Culture & Glassdoor Compared | JobsByCulture,text/html; charset=utf-8,false,200,0,0,74,1,true
20,https://jobsbyculture.com/locations/san-francisco/legal,Legal Jobs in San Francisco Bay Area | AI & Tech Companies | JobsByCulture,text/html; charset=utf-8,false,200,0,0,74,1,true
20,https://jobsbyculture.com/compare/grafanalabs-vs-huggingface,Grafana Labs vs Hugging Face: Culture & Glassdoor Compared | JobsByCulture,text/html; charset=utf-8,false,200,0,0,74,1,true
20,https://jobsbyculture.com/compare/cursor-vs-pinecone,Cursor (Anysphere) vs Pinecone: Culture & Glassdoor Compared | JobsByCulture,text/html; charset=utf-8,false,200,0,0,76,1,true
20,https://jobsbyculture.com/compare/nvidia-vs-amd,NVIDIA Corporation vs AMD: Culture & Glassdoor Compared | JobsByCulture,text/html; charset=utf-8,false,200,0,0,71,1,true
20,https://jobsbyculture.com/compare/deepmind-vs-mistral,Google DeepMind vs Mistral AI: Culture & Glassdoor Compared | JobsByCulture,text/html; charset=utf-8,false,200,0,0,75,1,true
20,https://jobsbyculture.com/compare/cursor-vs-suno,Cursor (Anysphere) vs Suno: Culture & Glassdoor Compared | JobsByCulture,text/html; charset=utf-8,false,200,0,0,72,1,true
20,https://jobsbyculture.com/roles/deep-work/finance,Deep Work / Low Meetings Finance Jobs | AI & Tech Companies | JobsByCulture,text/html; charset=utf-8,false,200,0,0,75,1,true
20,https://jobsbyculture.com/compare/fireworksai-vs-tailscale,Fireworks AI vs Tailscale: Culture & Glassdoor Compared | JobsByCulture,text/html; charset=utf-8,false,200,0,0,71,1,true
20,https://jobsbyculture.com/compare/cursor-vs-replit,Cursor (Anysphere) vs Replit: Culture & Glassdoor Compared | JobsByCulture,text/html; charset=utf-8,false,200,0,0,74,1,true
20,https://jobsbyculture.com/compare/anthropic-vs-huggingface,Anthropic vs Hugging Face: Culture & Glassdoor Compared | JobsByCulture,text/html; charset=utf-8,false,200,0,0,71,1,true
20,https://jobsbyculture.com/roles/eng-driven/operations,Engineering-Driven Operations Jobs | AI & Tech Companies | JobsByCulture,text/html; charset=utf-8,false,200,0,0,72,1,true
20,https://jobsbyculture.com/compare/databricks-vs-snowflake,Databricks vs Snowflake Inc.: Culture & Glassdoor Compared | JobsByCulture,text/html; charset=utf-8,false,200,0,0,74,1,true
20,https://jobsbyculture.com/compare/crusoe-vs-cursor,Crusoe vs Cursor (Anysphere): Culture & Glassdoor Compared | JobsByCulture,text/html; charset=utf-8,false,200,0,0,74,1,true
20,https://jobsbyculture.com/compare/airtable-vs-deepmind,Airtable vs Google DeepMind: Culture & Glassdoor Compared | JobsByCulture,text/html; charset=utf-8,false,200,0,0,73,1,true
20,https://jobsbyculture.com/compare/apollo-vs-perplexity,Apollo.io vs Perplexity AI: Culture & Glassdoor Compared | JobsByCulture,text/html; charset=utf-8,false,200,0,0,72,1,true
20,https://jobsbyculture.com/compare/perplexity-vs-pinecone,Perplexity AI vs Pinecone: Culture & Glassdoor Compared | JobsByCulture,text/html; charset=utf-8,false,200,0,0,71,1,true
20,https://jobsbyculture.com/compare/cursor-vs-stripe,Cursor (Anysphere) vs Stripe: Culture & Glassdoor Compared | JobsByCulture,text/html; charset=utf-8,false,200,0,0,74,1,true
20,https://jobsbyculture.com/compare/deepmind-vs-weaviate,Google DeepMind vs Weaviate: Culture & Glassdoor Compared | JobsByCulture,text/html; charset=utf-8,false,200,0,0,73,1,true
20,https://jobsbyculture.com/roles/equity/finance,Strong Comp & Equity Finance Jobs | AI & Tech Companies | JobsByCulture,text/html; charset=utf-8,false,200,0,0,71,1,true
20,https://jobsbyculture.com/roles/product-impact/finance,Direct Product Impact Finance Jobs | AI & Tech Companies | JobsByCulture,text/html; charset=utf-8,false,200,0,0,72,1,true
20,https://jobsbyculture.com/compare/cursor-vs-modal,Cursor (Anysphere) vs Modal: Culture & Glassdoor Compared | JobsByCulture,text/html; charset=utf-8,false,200,0,0,73,1,true
20,https://jobsbyculture.com/compare/brex-vs-cursor,Brex vs Cursor (Anysphere): Culture & Glassdoor Compared | JobsByCulture,text/html; charset=utf-8,false,200,0,0,72,1,true
20,https://jobsbyculture.com/compare/huggingface-vs-tailscale,Hugging Face vs Tailscale: Culture & Glassdoor Compared | JobsByCulture,text/html; charset=utf-8,false,200,0,0,71,1,true
20,https://jobsbyculture.com/compare/grafanalabs-vs-langchain,Grafana Labs vs LangChain: Culture & Glassdoor Compared | JobsByCulture,text/html; charset=utf-8,false,200,0,0,71,1,true
20,https://jobsbyculture.com/roles/diverse/marketing,Diverse & Inclusive Marketing Jobs | AI & Tech Companies | JobsByCulture,text/html; charset=utf-8,false,200,0,0,72,1,true
20,https://jobsbyculture.com/roles/diverse/sales,Diverse & Inclusive Sales / GTM Jobs | AI & Tech Companies | JobsByCulture,text/html; charset=utf-8,false,200,0,0,74,1,true
20,https://jobsbyculture.com/compare/amazon-vs-microsoft,Amazon vs Microsoft Corporation: Culture & Glassdoor Compared | JobsByCulture,text/html; charset=utf-8,false,200,0,0,77,1,true
20,https://jobsbyculture.com/compare/fireworksai-vs-incidentio,Fireworks AI vs incident.io: Culture & Glassdoor Compared | JobsByCulture,text/html; charset=utf-8,false,200,0,0,73,1,true
20,https://jobsbyculture.com/roles/deep-work/sales,Deep Work / Low Meetings Sales / GTM Jobs | AI & Tech Companies | JobsByCulture,text/html; charset=utf-8,false,200,0,0,79,1,true
20,https://jobsbyculture.com/compare/openai-vs-microsoft,OpenAI vs Microsoft Corporation: Culture & Glassdoor Compared | JobsByCulture,text/html; charset=utf-8,false,200,0,0,77,1,true
20,https://jobsbyculture.com/compare/grafanalabs-vs-incidentio,Grafana Labs vs incident.io: Culture & Glassdoor Compared | JobsByCulture,text/html; charset=utf-8,false,200,0,0,73,1,true
20,https://jobsbyculture.com/compare/cursor-vs-perplexity,Cursor (Anysphere) vs Perplexity AI: Culture & Glassdoor Compared | JobsByCulture,text/html; charset=utf-8,false,200,0,0,81,1,true
20,https://jobsbyculture.com/compare/deepmind-vs-fireworksai,Google DeepMind vs Fireworks AI: Culture & Glassdoor Compared | JobsByCulture,text/html; charset=utf-8,false,200,0,0,77,1,true
20,https://jobsbyculture.com/compare/google-vs-microsoft,Google vs Microsoft Corporation: Culture & Glassdoor Compared | JobsByCulture,text/html; charset=utf-8,false,200,0,0,77,1,true
20,https://jobsbyculture.com/compare/incidentio-vs-together,incident.io vs Together AI: Culture & Glassdoor Compared | JobsByCulture,text/html; charset=utf-8,false,200,0,0,72,1,true
20,https://jobsbyculture.com/compare/coreweave-vs-fireworksai,CoreWeave vs Fireworks AI: Culture & Glassdoor Compared | JobsByCulture,text/html; charset=utf-8,false,200,0,0,71,1,true
20,https://jobsbyculture.com/compare/databricks-vs-together,Databricks vs Together AI: Culture & Glassdoor Compared | JobsByCulture,text/html; charset=utf-8,false,200,0,0,71,1,true
20,https://jobsbyculture.com/roles/deep-work/product,Deep Work / Low Meetings Product Jobs | AI & Tech Companies | JobsByCulture,text/html; charset=utf-8,false,200,0,0,75,1,true
20,https://jobsbyculture.com/compare/deepmind-vs-langchain,Google DeepMind vs LangChain: Culture & Glassdoor Compared | JobsByCulture,text/html; charset=utf-8,false,200,0,0,74,1,true
20,https://jobsbyculture.com/roles/product-impact/ml-ai,Direct Product Impact ML / AI Jobs | AI & Tech Companies | JobsByCulture,text/html; charset=utf-8,false,200,0,0,72,1,true
20,https://jobsbyculture.com/locations/san-francisco/marketing,Marketing Jobs in San Francisco Bay Area | AI & Tech Companies | JobsByCulture,text/html; charset=utf-8,false,200,0,0,78,1,true
20,https://jobsbyculture.com/roles/learning/operations,Learning & Growth Operations Jobs | AI & Tech Companies | JobsByCulture,text/html; charset=utf-8,false,200,0,0,71,1,true
20,https://jobsbyculture.com/compare/cursor-vs-mercury,Cursor (Anysphere) vs Mercury: Culture & Glassdoor Compared | JobsByCulture,text/html; charset=utf-8,false,200,0,0,75,1,true
20,https://jobsbyculture.com/blog/working-at-together-ai-2026,"Working at Together AI in 2026: Culture, Compensation & What Employees Say | JobsByCulture",text/html; charset=utf-8,false,200,0,0,90,1,true
20,https://jobsbyculture.com/compare/perplexity-vs-together,Perplexity AI vs Together AI: Culture & Glassdoor Compared | JobsByCulture,text/html; charset=utf-8,false,200,0,0,74,1,true
20,https://jobsbyculture.com/compare/deepmind-vs-posthog,Google DeepMind vs PostHog: Culture & Glassdoor Compared | JobsByCulture,text/html; charset=utf-8,false,200,0,0,72,1,true
20,https://jobsbyculture.com/roles/ship-fast/hr-people,Ship Fast & Iterate HR / People Jobs | AI & Tech Companies | JobsByCulture,text/html; charset=utf-8,false,200,0,0,74,1,true
20,https://jobsbyculture.com/compare/meta-vs-amazon,"Meta Platforms, Inc. vs Amazon: Culture & Glassdoor Compared | JobsByCulture",text/html; charset=utf-8,false,200,0,0,76,1,true
20,https://jobsbyculture.com/roles/product-impact/sales,Direct Product Impact Sales / GTM Jobs | AI & Tech Companies | JobsByCulture,text/html; charset=utf-8,false,200,0,0,76,1,true
20,https://jobsbyculture.com/locations/san-francisco/design,Design Jobs in San Francisco Bay Area | AI & Tech Companies | JobsByCulture,text/html; charset=utf-8,false,200,0,0,75,1,true
20,https://jobsbyculture.com/compare/cloudflare-vs-cursor,Cloudflare vs Cursor (Anysphere): Culture & Glassdoor Compared | JobsByCulture,text/html; charset=utf-8,false,200,0,0,78,1,true
20,https://jobsbyculture.com/compare/fireworksai-vs-mistral,Fireworks AI vs Mistral AI: Culture & Glassdoor Compared | JobsByCulture,text/html; charset=utf-8,false,200,0,0,72,1,true
20,https://jobsbyculture.com/locations/san-francisco/engineering,Engineering Jobs in San Francisco Bay Area | AI & Tech Companies | JobsByCulture,text/html; charset=utf-8,false,200,0,0,80,1,true
20,https://jobsbyculture.com/compare/cloudflare-vs-together,Cloudflare vs Together AI: Culture & Glassdoor Compared | JobsByCulture,text/html; charset=utf-8,false,200,0,0,71,1,true
20,https://jobsbyculture.com/compare/deepmind-vs-stripe,Google DeepMind vs Stripe: Culture & Glassdoor Compared | JobsByCulture,text/html; charset=utf-8,false,200,0,0,71,1,true
20,https://jobsbyculture.com/compare/grafanalabs-vs-together,Grafana Labs vs Together AI: Culture & Glassdoor Compared | JobsByCulture,text/html; charset=utf-8,false,200,0,0,73,1,true
20,https://jobsbyculture.com/roles/deep-work/hr-people,Deep Work / Low Meetings HR / People Jobs | AI & Tech Companies | JobsByCulture,text/html; charset=utf-8,false,200,0,0,79,1,true
20,https://jobsbyculture.com/locations/san-francisco/hr-people,HR / People Jobs in San Francisco Bay Area | AI & Tech Companies | JobsByCulture,text/html; charset=utf-8,false,200,0,0,80,1,true
20,https://jobsbyculture.com/compare/deepmind-vs-openai,Google DeepMind vs OpenAI: Culture & Glassdoor Compared | JobsByCulture,text/html; charset=utf-8,false,200,0,0,71,1,true
20,https://jobsbyculture.com/compare/datadog-vs-deepmind,Datadog vs Google DeepMind: Culture & Glassdoor Compared | JobsByCulture,text/html; charset=utf-8,false,200,0,0,72,1,true
20,https://jobsbyculture.com/compare/cursor-vs-hubspot,Cursor (Anysphere) vs HubSpot: Culture & Glassdoor Compared | JobsByCulture,text/html; charset=utf-8,false,200,0,0,75,1,true
20,https://jobsbyculture.com/compare/cursor-vs-fireworksai,Cursor (Anysphere) vs Fireworks AI: Culture & Glassdoor Compared | JobsByCulture,text/html; charset=utf-8,false,200,0,0,80,1,true
20,https://jobsbyculture.com/roles/eng-driven/marketing,Engineering-Driven Marketing Jobs | AI & Tech Companies | JobsByCulture,text/html; charset=utf-8,false,200,0,0,71,1,true
20,https://jobsbyculture.com/compare/nvidia-vs-google,NVIDIA Corporation vs Google: Culture & Glassdoor Compared | JobsByCulture,text/html; charset=utf-8,false,200,0,0,74,1,true
20,https://jobsbyculture.com/compare/deepmind-vs-huggingface,Google DeepMind vs Hugging Face: Culture & Glassdoor Compared | JobsByCulture,text/html; charset=utf-8,false,200,0,0,77,1,true
20,https://jobsbyculture.com/compare/apollo-vs-huggingface,Apollo.io vs Hugging Face: Culture & Glassdoor Compared | JobsByCulture,text/html; charset=utf-8,false,200,0,0,71,1,true
20,https://jobsbyculture.com/compare/deepmind-vs-grafanalabs,Google DeepMind vs Grafana Labs: Culture & Glassdoor Compared | JobsByCulture,text/html; charset=utf-8,false,200,0,0,77,1,true
20,https://jobsbyculture.com/compare/grafanalabs-vs-mistral,Grafana Labs vs Mistral AI: Culture & Glassdoor Compared | JobsByCulture,text/html; charset=utf-8,false,200,0,0,72,1,true
20,https://jobsbyculture.com/roles/ethical-ai/sales,Ethical AI / Safety Sales / GTM Jobs | AI & Tech Companies | JobsByCulture,text/html; charset=utf-8,false,200,0,0,74,1,true
20,https://jobsbyculture.com/compare/elevenlabs-vs-grafanalabs,ElevenLabs vs Grafana Labs: Culture & Glassdoor Compared | JobsByCulture,text/html; charset=utf-8,false,200,0,0,72,1,true
20,https://jobsbyculture.com/compare/deepmind-vs-elevenlabs,Google DeepMind vs ElevenLabs: Culture & Glassdoor Compared | JobsByCulture,text/html; charset=utf-8,false,200,0,0,75,1,true
20,https://jobsbyculture.com/roles/product-impact/marketing,Direct Product Impact Marketing Jobs | AI & Tech Companies | JobsByCulture,text/html; charset=utf-8,false,200,0,0,74,1,true
20,https://jobsbyculture.com/compare/deepmind-vs-perplexity,Google DeepMind vs Perplexity AI: Culture & Glassdoor Compared | JobsByCulture,text/html; charset=utf-8,false,200,0,0,78,1,true
20,https://jobsbyculture.com/compare/deepmind-vs-supabase,Google DeepMind vs Supabase: Culture & Glassdoor Compared | JobsByCulture,text/html; charset=utf-8,false,200,0,0,73,1,true
20,https://jobsbyculture.com/compare/elevenlabs-vs-together,ElevenLabs vs Together AI: Culture & Glassdoor Compared | JobsByCulture,text/html; charset=utf-8,false,200,0,0,71,1,true
20,https://jobsbyculture.com/compare/elevenlabs-vs-incidentio,ElevenLabs vs incident.io: Culture & Glassdoor Compared | JobsByCulture,text/html; charset=utf-8,false,200,0,0,71,1,true
20,https://jobsbyculture.com/roles/learning/sales,Learning & Growth Sales / GTM Jobs | AI & Tech Companies | JobsByCulture,text/html; charset=utf-8,false,200,0,0,72,1,true
20,https://jobsbyculture.com/compare/anthropic-vs-perplexity,Anthropic vs Perplexity AI: Culture & Glassdoor Compared | JobsByCulture,text/html; charset=utf-8,false,200,0,0,72,1,true
20,https://jobsbyculture.com/compare/coreweave-vs-huggingface,CoreWeave vs Hugging Face: Culture & Glassdoor Compared | JobsByCulture,text/html; charset=utf-8,false,200,0,0,71,1,true
20,https://jobsbyculture.com/roles/ship-fast/operations,Ship Fast & Iterate Operations Jobs | AI & Tech Companies | JobsByCulture,text/html; charset=utf-8,false,200,0,0,73,1,true
20,https://jobsbyculture.com/roles/eng-driven/sales,Engineering-Driven Sales / GTM Jobs | AI & Tech Companies | JobsByCulture,text/html; charset=utf-8,false,200,0,0,73,1,true
20,https://jobsbyculture.com/roles/product-impact/support,Direct Product Impact Support Jobs | AI & Tech Companies | JobsByCulture,text/html; charset=utf-8,false,200,0,0,72,1,true
20,https://jobsbyculture.com/compare/fireworksai-vs-huggingface,Fireworks AI vs Hugging Face: Culture & Glassdoor Compared | JobsByCulture,text/html; charset=utf-8,false,200,0,0,74,1,true
20,https://jobsbyculture.com/compare/cursor-vs-openai,Cursor (Anysphere) vs OpenAI: Culture & Glassdoor Compared | JobsByCulture,text/html; charset=utf-8,false,200,0,0,74,1,true
20,https://jobsbyculture.com/compare/apollo-vs-grafanalabs,Apollo.io vs Grafana Labs: Culture & Glassdoor Compared | JobsByCulture,text/html; charset=utf-8,false,200,0,0,71,1,true
20,https://jobsbyculture.com/compare/airtable-vs-cursor,Airtable vs Cursor (Anysphere): Culture & Glassdoor Compared | JobsByCulture,text/html; charset=utf-8,false,200,0,0,76,1,true
20,https://jobsbyculture.com/compare/cursor-vs-runway,Cursor (Anysphere) vs Runway: Culture & Glassdoor Compared | JobsByCulture,text/html; charset=utf-8,false,200,0,0,74,1,true
20,https://jobsbyculture.com/compare/coreweave-vs-grafanalabs,CoreWeave vs Grafana Labs: Culture & Glassdoor Compared | JobsByCulture,text/html; charset=utf-8,false,200,0,0,71,1,true
20,https://jobsbyculture.com/compare/cursor-vs-elevenlabs,Cursor (Anysphere) vs ElevenLabs: Culture & Glassdoor Compared | JobsByCulture,text/html; charset=utf-8,false,200,0,0,78,1,true
20,https://jobsbyculture.com/compare/cursor-vs-deepmind,Cursor (Anysphere) vs Google DeepMind: Culture & Glassdoor Compared | JobsByCulture,text/html; charset=utf-8,false,200,0,0,83,1,true
20,https://jobsbyculture.com/compare/coreweave-vs-perplexity,CoreWeave vs Perplexity AI: Culture & Glassdoor Compared | JobsByCulture,text/html; charset=utf-8,false,200,0,0,72,1,true
20,https://jobsbyculture.com/roles/deep-work/ml-ai,Deep Work / Low Meetings ML / AI Jobs | AI & Tech Companies | JobsByCulture,text/html; charset=utf-8,false,200,0,0,75,1,true
20,https://jobsbyculture.com/compare/elevenlabs-vs-fireworksai,ElevenLabs vs Fireworks AI: Culture & Glassdoor Compared | JobsByCulture,text/html; charset=utf-8,false,200,0,0,72,1,true
20,https://jobsbyculture.com/compare/cursor-vs-datadog,Cursor (Anysphere) vs Datadog: Culture & Glassdoor Compared | JobsByCulture,text/html; charset=utf-8,false,200,0,0,75,1,true
20,https://jobsbyculture.com/compare/crusoe-vs-deepmind,Crusoe vs Google DeepMind: Culture & Glassdoor Compared | JobsByCulture,text/html; charset=utf-8,false,200,0,0,71,1,true
20,https://jobsbyculture.com/roles/product-impact/product,Direct Product Impact Product Jobs | AI & Tech Companies | JobsByCulture,text/html; charset=utf-8,false,200,0,0,72,1,true
20,https://jobsbyculture.com/compare/elevenlabs-vs-perplexity,ElevenLabs vs Perplexity AI: Culture & Glassdoor Compared | JobsByCulture,text/html; charset=utf-8,false,200,0,0,73,1,true
20,https://jobsbyculture.com/roles/product-impact/engineering,Direct Product Impact Engineering Jobs | AI & Tech Companies | JobsByCulture,text/html; charset=utf-8,false,200,0,0,76,1,true
20,https://jobsbyculture.com/compare/google-vs-meta,"Google vs Meta Platforms, Inc.: Culture & Glassdoor Compared | JobsByCulture",text/html; charset=utf-8,false,200,0,0,76,1,true
20,https://jobsbyculture.com/compare/cloudflare-vs-grafanalabs,Cloudflare vs Grafana Labs: Culture & Glassdoor Compared | JobsByCulture,text/html; charset=utf-8,false,200,0,0,72,1,true
20,https://jobsbyculture.com/compare/airbnb-vs-uber,"Airbnb vs Uber Technologies, Inc.: Culture & Glassdoor Compared | JobsByCulture",text/html; charset=utf-8,false,200,0,0,79,1,true
20,https://jobsbyculture.com/roles/learning/hr-people,Learning & Growth HR / People Jobs | AI & Tech Companies | JobsByCulture,text/html; charset=utf-8,false,200,0,0,72,1,true
20,https://jobsbyculture.com/compare/incidentio-vs-perplexity,incident.io vs Perplexity AI: Culture & Glassdoor Compared | JobsByCulture,text/html; charset=utf-8,false,200,0,0,74,1,true
20,https://jobsbyculture.com/compare/databricks-vs-perplexity,Databricks vs Perplexity AI: Culture & Glassdoor Compared | JobsByCulture,text/html; charset=utf-8,false,200,0,0,73,1,true
20,https://jobsbyculture.com/compare/cursor-vs-github-copilot,Cursor (Anysphere) vs GitHub Copilot: Culture & Glassdoor Compared | JobsByCulture,text/html; charset=utf-8,false,200,0,0,82,1,true
20,https://jobsbyculture.com/seniority/staff/engineering,Staff / Principal Engineering Jobs | AI & Tech Companies | JobsByCulture,text/html; charset=utf-8,false,200,0,0,72,1,true
20,https://jobsbyculture.com/compare/deepmind-vs-scale,Google DeepMind vs Scale AI: Culture & Glassdoor Compared | JobsByCulture,text/html; charset=utf-8,false,200,0,0,73,1,true
20,https://jobsbyculture.com/compare/perplexity-vs-supabase,Perplexity AI vs Supabase: Culture & Glassdoor Compared | JobsByCulture,text/html; charset=utf-8,false,200,0,0,71,1,true
20,https://jobsbyculture.com/compare/databricks-vs-grafanalabs,Databricks vs Grafana Labs: Culture & Glassdoor Compared | JobsByCulture,text/html; charset=utf-8,false,200,0,0,72,1,true
20,https://jobsbyculture.com/compare/cursor-vs-figma,Cursor (Anysphere) vs Figma: Culture & Glassdoor Compared | JobsByCulture,text/html; charset=utf-8,false,200,0,0,73,1,true
20,https://jobsbyculture.com/roles/equity/product,Strong Comp & Equity Product Jobs | AI & Tech Companies | JobsByCulture,text/html; charset=utf-8,false,200,0,0,71,1,true
20,https://jobsbyculture.com/compare/airbnb-vs-cursor,Airbnb vs Cursor (Anysphere): Culture & Glassdoor Compared | JobsByCulture,text/html; charset=utf-8,false,200,0,0,74,1,true
20,https://jobsbyculture.com/roles/product-impact/hr-people,Direct Product Impact HR / People Jobs | AI & Tech Companies | JobsByCulture,text/html; charset=utf-8,false,200,0,0,76,1,true
20,https://jobsbyculture.com/compare/baseten-vs-deepmind,Baseten vs Google DeepMind: Culture & Glassdoor Compared | JobsByCulture,text/html; charset=utf-8,false,200,0,0,72,1,true
20,https://jobsbyculture.com/roles/deep-work/operations,Deep Work / Low Meetings Operations Jobs | AI & Tech Companies | JobsByCulture,text/html; charset=utf-8,false,200,0,0,78,1,true
20,https://jobsbyculture.com/roles/equity/sales,Strong Comp & Equity Sales / GTM Jobs | AI & Tech Companies | JobsByCulture,text/html; charset=utf-8,false,200,0,0,75,1,true
20,https://jobsbyculture.com/compare/apollo-vs-cursor,Apollo.io vs Cursor (Anysphere): Culture & Glassdoor Compared | JobsByCulture,text/html; charset=utf-8,false,200,0,0,77,1,true
20,https://jobsbyculture.com/compare/deepmind-vs-hubspot,Google DeepMind vs HubSpot: Culture & Glassdoor Compared | JobsByCulture,text/html; charset=utf-8,false,200,0,0,72,1,true
20,https://jobsbyculture.com/blog/anthropic-remote-work-policy-2026,Anthropic Remote Work Policy 2026: Is Anthropic Remote Friendly? | JobsByCulture,text/html; charset=utf-8,false,200,0,0,80,1,true
20,https://jobsbyculture.com/locations/san-francisco/data,Data Jobs in San Francisco Bay Area | AI & Tech Companies | JobsByCulture,text/html; charset=utf-8,false,200,0,0,73,1,true
20,https://jobsbyculture.com/roles/deep-work/engineering,Deep Work / Low Meetings Engineering Jobs | AI & Tech Companies | JobsByCulture,text/html; charset=utf-8,false,200,0,0,79,1,true
20,https://jobsbyculture.com/compare/cloudflare-vs-fireworksai,Cloudflare vs Fireworks AI: Culture & Glassdoor Compared | JobsByCulture,text/html; charset=utf-8,false,200,0,0,72,1,true
20,https://jobsbyculture.com/roles/wlb/hr-people,Work-Life Balance HR / People Jobs | AI & Tech Companies | JobsByCulture,text/html; charset=utf-8,false,200,0,0,72,1,true
20,https://jobsbyculture.com/compare/cursor-vs-incidentio,Cursor (Anysphere) vs incident.io: Culture & Glassdoor Compared | JobsByCulture,text/html; charset=utf-8,false,200,0,0,79,1,true
20,https://jobsbyculture.com/locations/san-francisco/sales,Sales / GTM Jobs in San Francisco Bay Area | AI & Tech Companies | JobsByCulture,text/html; charset=utf-8,false,200,0,0,80,1,true
20,https://jobsbyculture.com/locations/new-york/engineering,Engineering Jobs in New York City | AI & Tech Companies | JobsByCulture,text/html; charset=utf-8,false,200,0,0,71,1,true
20,https://jobsbyculture.com/roles/learning/engineering,Learning & Growth Engineering Jobs | AI & Tech Companies | JobsByCulture,text/html; charset=utf-8,false,200,0,0,72,1,true
20,https://jobsbyculture.com/compare/apollo-vs-deepmind,Apollo.io vs Google DeepMind: Culture & Glassdoor Compared | JobsByCulture,text/html; charset=utf-8,false,200,0,0,74,1,true
20,https://jobsbyculture.com/compare/incidentio-vs-mistral,incident.io vs Mistral AI: Culture & Glassdoor Compared | JobsByCulture,text/html; charset=utf-8,false,200,0,0,71,1,true
20,https://jobsbyculture.com/roles/equity/engineering,Strong Comp & Equity Engineering Jobs | AI & Tech Companies | JobsByCulture,text/html; charset=utf-8,false,200,0,0,75,1,true
20,https://jobsbyculture.com/compare/cloudflare-vs-incidentio,Cloudflare vs incident.io: Culture & Glassdoor Compared | JobsByCulture,text/html; charset=utf-8,false,200,0,0,71,1,true
20,https://jobsbyculture.com/locations/new-york/sales,Sales / GTM Jobs in New York City | AI & Tech Companies | JobsByCulture,text/html; charset=utf-8,false,200,0,0,71,1,true
20,https://jobsbyculture.com/compare/perplexity-vs-weaviate,Perplexity AI vs Weaviate: Culture & Glassdoor Compared | JobsByCulture,text/html; charset=utf-8,false,200,0,0,71,1,true
20,https://jobsbyculture.com/compare/openai-vs-meta,"OpenAI vs Meta Platforms, Inc.: Culture & Glassdoor Compared | JobsByCulture",text/html; charset=utf-8,false,200,0,0,76,1,true
20,https://jobsbyculture.com/compare/coreweave-vs-cursor,CoreWeave vs Cursor (Anysphere): Culture & Glassdoor Compared | JobsByCulture,text/html; charset=utf-8,false,200,0,0,77,1,true
20,https://jobsbyculture.com/compare/cloudflare-vs-huggingface,Cloudflare vs Hugging Face: Culture & Glassdoor Compared | JobsByCulture,text/html; charset=utf-8,false,200,0,0,72,1,true
20,https://jobsbyculture.com/compare/fireworksai-vs-langchain,Fireworks AI vs LangChain: Culture & Glassdoor Compared | JobsByCulture,text/html; charset=utf-8,false,200,0,0,71,1,true
20,https://jobsbyculture.com/compare/deepmind-vs-notion,Google DeepMind vs Notion: Culture & Glassdoor Compared | JobsByCulture,text/html; charset=utf-8,false,200,0,0,71,1,true
20,https://jobsbyculture.com/roles/equity/ml-ai,Strong Comp & Equity ML / AI Jobs | AI & Tech Companies | JobsByCulture,text/html; charset=utf-8,false,200,0,0,71,1,true
20,https://jobsbyculture.com/compare/tesla-vs-rivian,"Tesla, Inc. vs Rivian Automotive, Inc.: Culture & Glassdoor Compared | JobsByCulture",text/html; charset=utf-8,false,200,0,0,84,1,true
20,https://jobsbyculture.com/compare/deepmind-vs-vast,Google DeepMind vs Vast AI: Culture & Glassdoor Compared | JobsByCulture,text/html; charset=utf-8,false,200,0,0,72,1,true
20,https://jobsbyculture.com/compare/grafanalabs-vs-perplexity,Grafana Labs vs Perplexity AI: Culture & Glassdoor Compared | JobsByCulture,text/html; charset=utf-8,false,200,0,0,75,1,true
20,https://jobsbyculture.com/compare/airtable-vs-perplexity,Airtable vs Perplexity AI: Culture & Glassdoor Compared | JobsByCulture,text/html; charset=utf-8,false,200,0,0,71,1,true
20,https://jobsbyculture.com/compare/langchain-vs-perplexity,LangChain vs Perplexity AI: Culture & Glassdoor Compared | JobsByCulture,text/html; charset=utf-8,false,200,0,0,72,1,true
20,https://jobsbyculture.com/compare/deepmind-vs-incidentio,Google DeepMind vs incident.io: Culture & Glassdoor Compared | JobsByCulture,text/html; charset=utf-8,false,200,0,0,76,1,true
20,https://jobsbyculture.com/compare/cursor-vs-together,Cursor (Anysphere) vs Together AI: Culture & Glassdoor Compared | JobsByCulture,text/html; charset=utf-8,false,200,0,0,79,1,true
20,https://jobsbyculture.com/compare/elevenlabs-vs-huggingface,ElevenLabs vs Hugging Face: Culture & Glassdoor Compared | JobsByCulture,text/html; charset=utf-8,false,200,0,0,72,1,true
20,https://jobsbyculture.com/locations/san-francisco/operations,Operations Jobs in San Francisco Bay Area | AI & Tech Companies | JobsByCulture,text/html; charset=utf-8,false,200,0,0,79,1,true
20,https://jobsbyculture.com/seniority/staff/sales,Staff / Principal Sales / GTM Jobs | AI & Tech Companies | JobsByCulture,text/html; charset=utf-8,false,200,0,0,72,1,true
20,https://jobsbyculture.com/compare/cursor-vs-plaid,Cursor (Anysphere) vs Plaid: Culture & Glassdoor Compared | JobsByCulture,text/html; charset=utf-8,false,200,0,0,73,1,true
20,https://jobsbyculture.com/compare/cursor-vs-databricks,Cursor (Anysphere) vs Databricks: Culture & Glassdoor Compared | JobsByCulture,text/html; charset=utf-8,false,200,0,0,78,1,true
20,https://jobsbyculture.com/compare/cursor-vs-pylon,Cursor (Anysphere) vs Pylon: Culture & Glassdoor Compared | JobsByCulture,text/html; charset=utf-8,false,200,0,0,73,1,true
20,https://jobsbyculture.com/roles/equity/operations,Strong Comp & Equity Operations Jobs | AI & Tech Companies | JobsByCulture,text/html; charset=utf-8,false,200,0,0,74,1,true
20,https://jobsbyculture.com/compare/deepmind-vs-vercel,Google DeepMind vs Vercel: Culture & Glassdoor Compared | JobsByCulture,text/html; charset=utf-8,false,200,0,0,71,1,true
20,https://jobsbyculture.com/compare/cursor-vs-scale,Cursor (Anysphere) vs Scale AI: Culture & Glassdoor Compared | JobsByCulture,text/html; charset=utf-8,false,200,0,0,76,1,true
20,https://jobsbyculture.com/compare/cursor-vs-vercel,Cursor (Anysphere) vs Vercel: Culture & Glassdoor Compared | JobsByCulture,text/html; charset=utf-8,false,200,0,0,74,1,true
20,https://jobsbyculture.com/compare/cursor-vs-supabase,Cursor (Anysphere) vs Supabase: Culture & Glassdoor Compared | JobsByCulture,text/html; charset=utf-8,false,200,0,0,76,1,true
20,https://jobsbyculture.com/roles/ship-fast/sales,Ship Fast & Iterate Sales / GTM Jobs | AI & Tech Companies | JobsByCulture,text/html; charset=utf-8,false,200,0,0,74,1,true
20,https://jobsbyculture.com/compare/deepmind-vs-runway,Google DeepMind vs Runway: Culture & Glassdoor Compared | JobsByCulture,text/html; charset=utf-8,false,200,0,0,71,1,true
20,https://jobsbyculture.com/compare/huggingface-vs-together,Hugging Face vs Together AI: Culture & Glassdoor Compared | JobsByCulture,text/html; charset=utf-8,false,200,0,0,73,1,true
20,https://jobsbyculture.com/roles/product-impact/design,Direct Product Impact Design Jobs | AI & Tech Companies | JobsByCulture,text/html; charset=utf-8,false,200,0,0,71,1,true
20,https://jobsbyculture.com/compare/cursor-vs-huggingface,Cursor (Anysphere) vs Hugging Face: Culture & Glassdoor Compared | JobsByCulture,text/html; charset=utf-8,false,200,0,0,80,1,true
20,https://jobsbyculture.com/compare/huggingface-vs-langchain,Hugging Face vs LangChain: Culture & Glassdoor Compared | JobsByCulture,text/html; charset=utf-8,false,200,0,0,71,1,true
20,https://jobsbyculture.com/compare/cloudflare-vs-perplexity,Cloudflare vs Perplexity AI: Culture & Glassdoor Compared | JobsByCulture,text/html; charset=utf-8,false,200,0,0,73,1,true
20,https://jobsbyculture.com/compare/anthropic-vs-meta,"Anthropic vs Meta Platforms, Inc.: Culture & Glassdoor Compared | JobsByCulture",text/html; charset=utf-8,false,200,0,0,79,1,true
20,https://jobsbyculture.com/compare/grafanalabs-vs-tailscale,Grafana Labs vs Tailscale: Culture & Glassdoor Compared | JobsByCulture,text/html; charset=utf-8,false,200,0,0,71,1,true
20,https://jobsbyculture.com/blog/working-at-airbnb-2026,"Working at Airbnb in 2026: Glassdoor Rating, Salary & Live and Work Anywhere Policy | JobsByCulture",text/html; charset=utf-8,false,200,0,0,99,1,true
20,https://jobsbyculture.com/roles/ethical-ai/engineering,Ethical AI / Safety Engineering Jobs | AI & Tech Companies | JobsByCulture,text/html; charset=utf-8,false,200,0,0,74,1,true
20,https://jobsbyculture.com/compare/cursor-vs-langchain,Cursor (Anysphere) vs LangChain: Culture & Glassdoor Compared | JobsByCulture,text/html; charset=utf-8,false,200,0,0,77,1,true
20,https://jobsbyculture.com/compare/cohere-vs-deepmind,Cohere vs Google DeepMind: Culture & Glassdoor Compared | JobsByCulture,text/html; charset=utf-8,false,200,0,0,71,1,true
20,https://jobsbyculture.com/compare/deepmind-vs-mercury,Google DeepMind vs Mercury: Culture & Glassdoor Compared | JobsByCulture,text/html; charset=utf-8,false,200,0,0,72,1,true
20,https://jobsbyculture.com/compare/deepmind-vs-linear,Google DeepMind vs Linear: Culture & Glassdoor Compared | JobsByCulture,text/html; charset=utf-8,false,200,0,0,71,1,true
20,https://jobsbyculture.com/compare/anthropic-vs-fireworksai,Anthropic vs Fireworks AI: Culture & Glassdoor Compared | JobsByCulture,text/html; charset=utf-8,false,200,0,0,71,1,true
20,https://jobsbyculture.com/roles/wlb/engineering,Work-Life Balance Engineering Jobs | AI & Tech Companies | JobsByCulture,text/html; charset=utf-8,false,200,0,0,72,1,true
20,https://jobsbyculture.com/roles/eng-driven/engineering,Engineering-Driven Engineering Jobs | AI & Tech Companies | JobsByCulture,text/html; charset=utf-8,false,200,0,0,73,1,true
20,https://jobsbyculture.com/locations/san-francisco/ml-ai,ML / AI Jobs in San Francisco Bay Area | AI & Tech Companies | JobsByCulture,text/html; charset=utf-8,false,200,0,0,76,1,true
20,https://jobsbyculture.com/compare/meta-vs-apple,"Meta Platforms, Inc. vs Apple Inc.: Culture & Glassdoor Compared | JobsByCulture",text/html; charset=utf-8,false,200,0,0,80,1,true
20,https://jobsbyculture.com/compare/baseten-vs-cursor,Baseten vs Cursor (Anysphere): Culture & Glassdoor Compared | JobsByCulture,text/html; charset=utf-8,false,200,0,0,75,1,true
20,https://jobsbyculture.com/compare/deepmind-vs-pinecone,Google DeepMind vs Pinecone: Culture & Glassdoor Compared | JobsByCulture,text/html; charset=utf-8,false,200,0,0,73,1,true
20,https://jobsbyculture.com/compare/palantir-vs-databricks,Palantir Technologies vs Databricks: Culture & Glassdoor Compared | JobsByCulture,text/html; charset=utf-8,false,200,0,0,81,1,true
20,https://jobsbyculture.com/compare/fireworksai-vs-grafanalabs,Fireworks AI vs Grafana Labs: Culture & Glassdoor Compared | JobsByCulture,text/html; charset=utf-8,false,200,0,0,74,1,true
20,https://jobsbyculture.com/roles/ethical-ai/marketing,Ethical AI / Safety Marketing Jobs | AI & Tech Companies | JobsByCulture,text/html; charset=utf-8,false,200,0,0,72,1,true
20,https://jobsbyculture.com/compare/cursor-vs-ramp,Cursor (Anysphere) vs Ramp: Culture & Glassdoor Compared | JobsByCulture,text/html; charset=utf-8,false,200,0,0,72,1,true
20,https://jobsbyculture.com/compare/huggingface-vs-perplexity,Hugging Face vs Perplexity AI: Culture & Glassdoor Compared | JobsByCulture,text/html; charset=utf-8,false,200,0,0,75,1,true
20,https://jobsbyculture.com/compare/apple-vs-microsoft,Apple Inc. vs Microsoft Corporation: Culture & Glassdoor Compared | JobsByCulture,text/html; charset=utf-8,false,200,0,0,81,1,true
20,https://jobsbyculture.com/compare/anthropic-vs-grafanalabs,Anthropic vs Grafana Labs: Culture & Glassdoor Compared | JobsByCulture,text/html; charset=utf-8,false,200,0,0,71,1,true
20,https://jobsbyculture.com/compare/perplexity-vs-scale,Perplexity AI vs Scale AI: Culture & Glassdoor Compared | JobsByCulture,text/html; charset=utf-8,false,200,0,0,71,1,true
20,https://jobsbyculture.com/compare/cloudflare-vs-deepmind,Cloudflare vs Google DeepMind: Culture & Glassdoor Compared | JobsByCulture,text/html; charset=utf-8,false,200,0,0,75,1,true
20,https://jobsbyculture.com/roles/equity/support,Strong Comp & Equity Support Jobs | AI & Tech Companies | JobsByCulture,text/html; charset=utf-8,false,200,0,0,71,1,true
20,https://jobsbyculture.com/roles/ship-fast/marketing,Ship Fast & Iterate Marketing Jobs | AI & Tech Companies | JobsByCulture,text/html; charset=utf-8,false,200,0,0,72,1,true
20,https://jobsbyculture.com/compare/mistral-vs-perplexity,Mistral AI vs Perplexity AI: Culture & Glassdoor Compared | JobsByCulture,text/html; charset=utf-8,false,200,0,0,73,1,true
20,https://jobsbyculture.com/locations/san-francisco/product,Product Jobs in San Francisco Bay Area | AI & Tech Companies | JobsByCulture,text/html; charset=utf-8,false,200,0,0,76,1,true
20,https://jobsbyculture.com/compare/databricks-vs-huggingface,Databricks vs Hugging Face: Culture & Glassdoor Compared | JobsByCulture,text/html; charset=utf-8,false,200,0,0,72,1,true
20,https://jobsbyculture.com/compare/anthropic-vs-deepmind,Anthropic vs Google DeepMind: Culture & Glassdoor Compared | JobsByCulture,text/html; charset=utf-8,false,200,0,0,74,1,true
20,https://jobsbyculture.com/compare/cursor-vs-mistral,Cursor (Anysphere) vs Mistral AI: Culture & Glassdoor Compared | JobsByCulture,text/html; charset=utf-8,false,200,0,0,78,1,true
20,https://jobsbyculture.com/compare/databricks-vs-deepmind,Databricks vs Google DeepMind: Culture & Glassdoor Compared | JobsByCulture,text/html; charset=utf-8,false,200,0,0,75,1,true
20,https://jobsbyculture.com/locations/san-francisco/support,Support Jobs in San Francisco Bay Area | AI & Tech Companies | JobsByCulture,text/html; charset=utf-8,false,200,0,0,76,1,true
20,https://jobsbyculture.com/compare/cursor-vs-vast,Cursor (Anysphere) vs Vast AI: Culture & Glassdoor Compared | JobsByCulture,text/html; charset=utf-8,false,200,0,0,75,1,true
20,https://jobsbyculture.com/roles/deep-work/design,Deep Work / Low Meetings Design Jobs | AI & Tech Companies | JobsByCulture,text/html; charset=utf-8,false,200,0,0,74,1,true
20,https://jobsbyculture.com/roles/ethical-ai/hr-people,Ethical AI / Safety HR / People Jobs | AI & Tech Companies | JobsByCulture,text/html; charset=utf-8,false,200,0,0,74,1,true
20,https://jobsbyculture.com/compare/cursor-vs-posthog,Cursor (Anysphere) vs PostHog: Culture & Glassdoor Compared | JobsByCulture,text/html; charset=utf-8,false,200,0,0,75,1,true
20,https://jobsbyculture.com/compare/cohere-vs-cursor,Cohere vs Cursor (Anysphere): Culture & Glassdoor Compared | JobsByCulture,text/html; charset=utf-8,false,200,0,0,74,1,true
20,https://jobsbyculture.com/blog/working-at-mistral-2026,"Working at Mistral AI in 2026: Culture, Compensation & What Employees Say | JobsByCulture",text/html; charset=utf-8,false,200,0,0,89,1,true
20,https://jobsbyculture.com/roles/equity/marketing,Strong Comp & Equity Marketing Jobs | AI & Tech Companies | JobsByCulture,text/html; charset=utf-8,false,200,0,0,73,1,true
20,https://jobsbyculture.com/compare/fireworksai-vs-together,Fireworks AI vs Together AI: Culture & Glassdoor Compared | JobsByCulture,text/html; charset=utf-8,false,200,0,0,73,1,true
20,https://jobsbyculture.com/compare/fireworksai-vs-perplexity,Fireworks AI vs Perplexity AI: Culture & Glassdoor Compared | JobsByCulture,text/html; charset=utf-8,false,200,0,0,75,1,true
20,https://jobsbyculture.com/compare/cursor-vs-grafanalabs,Cursor (Anysphere) vs Grafana Labs: Culture & Glassdoor Compared | JobsByCulture,text/html; charset=utf-8,false,200,0,0,80,1,true
20,https://jobsbyculture.com/compare/deepmind-vs-replit,Google DeepMind vs Replit: Culture & Glassdoor Compared | JobsByCulture,text/html; charset=utf-8,false,200,0,0,71,1,true
20,https://jobsbyculture.com/blog/working-at-grafana-labs-2026,"Working at Grafana Labs in 2026: Fully Remote, 4.1 Glassdoor & Open Roles",text/html; charset=utf-8,false,200,0,0,73,1,true
20,https://jobsbyculture.com/compare/huggingface-vs-incidentio,Hugging Face vs incident.io: Culture & Glassdoor Compared | JobsByCulture,text/html; charset=utf-8,false,200,0,0,73,1,true
20,https://jobsbyculture.com/compare/mistral-vs-together,Mistral AI vs Together AI: Culture & Glassdoor Compared | JobsByCulture,text/html; charset=utf-8,false,200,0,0,71,1,true
20,https://jobsbyculture.com/compare/cursor-vs-notion,Cursor (Anysphere) vs Notion: Culture & Glassdoor Compared | JobsByCulture,text/html; charset=utf-8,false,200,0,0,74,1,true
20,https://jobsbyculture.com/compare/coreweave-vs-deepmind,CoreWeave vs Google DeepMind: Culture & Glassdoor Compared | JobsByCulture,text/html; charset=utf-8,false,200,0,0,74,1,true
20,https://jobsbyculture.com/roles/deep-work/data,Deep Work / Low Meetings Data Jobs | AI & Tech Companies | JobsByCulture,text/html; charset=utf-8,false,200,0,0,72,1,true
