PR,URL,Title,Content type,Is rendered page,HTTP status code,Organic traffic,Depth,Meta description,Meta description length,No. of meta descriptions,Is indexable page
20,https://jobsbyculture.com/compare/anthropic-vs-cursor,Anthropic vs Cursor (Anysphere): Culture & Glassdoor Compared | JobsByCulture,text/html; charset=utf-8,false,200,0,0,"Anthropic (4.4 Glassdoor, 3.7 WLB) vs Cursor (Anysphere) (4.0 Glassdoor, 3.5 WLB). Side-by-side comparison of culture values, compensation, pros & cons, and open roles.",168,1,true
20,https://jobsbyculture.com/compare/incidentio-vs-tailscale,incident.io vs Tailscale: Culture & Glassdoor Compared | JobsByCulture,text/html; charset=utf-8,false,200,0,0,"incident.io (4.5 Glassdoor, 4.1 WLB) vs Tailscale (4.4 Glassdoor, 4.5 WLB). Side-by-side comparison of culture values, compensation, pros & cons, and open roles.",161,1,true
20,https://jobsbyculture.com/compare/perplexity-vs-tailscale,Perplexity AI vs Tailscale: Culture & Glassdoor Compared | JobsByCulture,text/html; charset=utf-8,false,200,0,0,"Perplexity AI (4.7 Glassdoor, 3.3 WLB) vs Tailscale (4.4 Glassdoor, 4.5 WLB). Side-by-side comparison of culture values, compensation, pros & cons, and open roles.",163,1,true
20,https://jobsbyculture.com/blog/working-at-openai-2026,"Working at OpenAI in 2026: Culture, Work-Life Balance & Salary",text/html; charset=utf-8,false,200,0,0,"Is OpenAI a good place to work in 2026? 4.5 Glassdoor, $350k–$550k comp, but how's the work-life balance? Honest breakdown from employee reviews + hiring status.",161,1,true
20,https://jobsbyculture.com/blog/working-at-supabase-2026,"Working at Supabase in 2026: Culture, Compensation & What Employees Say | JobsByCulture",text/html; charset=utf-8,false,200,0,0,"What's it really like working at Supabase in 2026? 4.8 Glassdoor but only 3.0 WLB — 100% recommend yet relentless pace. Open source, fully remote, $5B valuation. The real story.",177,1,true
20,https://jobsbyculture.com/compare/databricks-vs-fireworksai,Databricks vs Fireworks AI: Culture & Glassdoor Compared | JobsByCulture,text/html; charset=utf-8,false,200,0,0,"Databricks (4.1 Glassdoor, 3.9 WLB) vs Fireworks AI (4.2 Glassdoor, 3.3 WLB). Side-by-side comparison of culture values, compensation, pros & cons, and open roles.",163,1,true
20,https://jobsbyculture.com/compare/deepmind-vs-together,Google DeepMind vs Together AI: Culture & Glassdoor Compared | JobsByCulture,text/html; charset=utf-8,false,200,0,0,"Google DeepMind (4.2 Glassdoor, 4.0 WLB) vs Together AI (4.1 Glassdoor, 3.8 WLB). Side-by-side comparison of culture values, compensation, pros & cons, and open roles.",167,1,true
20,https://jobsbyculture.com/compare/huggingface-vs-mistral,Hugging Face vs Mistral AI: Culture & Glassdoor Compared | JobsByCulture,text/html; charset=utf-8,false,200,0,0,"Hugging Face (3.8 Glassdoor, 4.1 WLB) vs Mistral AI (4.0 Glassdoor, 3.6 WLB). Side-by-side comparison of culture values, compensation, pros & cons, and open roles.",163,1,true
20,https://jobsbyculture.com/compare/cursor-vs-weaviate,Cursor (Anysphere) vs Weaviate: Culture & Glassdoor Compared | JobsByCulture,text/html; charset=utf-8,false,200,0,0,"Cursor (Anysphere) (4.0 Glassdoor, 3.5 WLB) vs Weaviate (4.3 Glassdoor, 4.2 WLB). Side-by-side comparison of culture values, compensation, pros & cons, and open roles.",167,1,true
20,https://jobsbyculture.com/compare/airbnb-vs-deepmind,Airbnb vs Google DeepMind: Culture & Glassdoor Compared | JobsByCulture,text/html; charset=utf-8,false,200,0,0,"Airbnb (4.1 Glassdoor, 4.0 WLB) vs Google DeepMind (4.2 Glassdoor, 4.0 WLB). Side-by-side comparison of culture values, compensation, pros & cons, and open roles.",162,1,true
20,https://jobsbyculture.com/compare/cursor-vs-linear,Cursor (Anysphere) vs Linear: Culture & Glassdoor Compared | JobsByCulture,text/html; charset=utf-8,false,200,0,0,"Cursor (Anysphere) (4.0 Glassdoor, 3.5 WLB) vs Linear (4.6 Glassdoor, 4.4 WLB). Side-by-side comparison of culture values, compensation, pros & cons, and open roles.",165,1,true
20,https://jobsbyculture.com/compare/databricks-vs-incidentio,Databricks vs incident.io: Culture & Glassdoor Compared | JobsByCulture,text/html; charset=utf-8,false,200,0,0,"Databricks (4.1 Glassdoor, 3.9 WLB) vs incident.io (4.5 Glassdoor, 4.1 WLB). Side-by-side comparison of culture values, compensation, pros & cons, and open roles.",162,1,true
20,https://jobsbyculture.com/compare/huggingface-vs-pinecone,Hugging Face vs Pinecone: Culture & Glassdoor Compared | JobsByCulture,text/html; charset=utf-8,false,200,0,0,"Hugging Face (3.8 Glassdoor, 4.1 WLB) vs Pinecone (4.2 Glassdoor, 4.3 WLB). Side-by-side comparison of culture values, compensation, pros & cons, and open roles.",161,1,true
20,https://jobsbyculture.com/compare/apollo-vs-together,Apollo.io vs Together AI: Culture & Glassdoor Compared | JobsByCulture,text/html; charset=utf-8,false,200,0,0,"Apollo.io (4.0 Glassdoor, 3.6 WLB) vs Together AI (4.1 Glassdoor, 3.8 WLB). Side-by-side comparison of culture values, compensation, pros & cons, and open roles.",161,1,true
20,https://jobsbyculture.com/compare/apollo-vs-fireworksai,Apollo.io vs Fireworks AI: Culture & Glassdoor Compared | JobsByCulture,text/html; charset=utf-8,false,200,0,0,"Apollo.io (4.0 Glassdoor, 3.6 WLB) vs Fireworks AI (4.2 Glassdoor, 3.3 WLB). Side-by-side comparison of culture values, compensation, pros & cons, and open roles.",162,1,true
20,https://jobsbyculture.com/compare/cursor-vs-tailscale,Cursor (Anysphere) vs Tailscale: Culture & Glassdoor Compared | JobsByCulture,text/html; charset=utf-8,false,200,0,0,"Cursor (Anysphere) (4.0 Glassdoor, 3.5 WLB) vs Tailscale (4.4 Glassdoor, 4.5 WLB). Side-by-side comparison of culture values, compensation, pros & cons, and open roles.",168,1,true
20,https://jobsbyculture.com/compare/deepmind-vs-tailscale,Google DeepMind vs Tailscale: Culture & Glassdoor Compared | JobsByCulture,text/html; charset=utf-8,false,200,0,0,"Google DeepMind (4.2 Glassdoor, 4.0 WLB) vs Tailscale (4.4 Glassdoor, 4.5 WLB). Side-by-side comparison of culture values, compensation, pros & cons, and open roles.",165,1,true
20,https://jobsbyculture.com/compare/grafanalabs-vs-huggingface,Grafana Labs vs Hugging Face: Culture & Glassdoor Compared | JobsByCulture,text/html; charset=utf-8,false,200,0,0,"Grafana Labs (4.1 Glassdoor, 4.3 WLB) vs Hugging Face (3.8 Glassdoor, 4.1 WLB). Side-by-side comparison of culture values, compensation, pros & cons, and open roles.",165,1,true
20,https://jobsbyculture.com/compare/cursor-vs-pinecone,Cursor (Anysphere) vs Pinecone: Culture & Glassdoor Compared | JobsByCulture,text/html; charset=utf-8,false,200,0,0,"Cursor (Anysphere) (4.0 Glassdoor, 3.5 WLB) vs Pinecone (4.2 Glassdoor, 4.3 WLB). Side-by-side comparison of culture values, compensation, pros & cons, and open roles.",167,1,true
20,https://jobsbyculture.com/compare/nvidia-vs-amd,NVIDIA Corporation vs AMD: Culture & Glassdoor Compared | JobsByCulture,text/html; charset=utf-8,false,200,0,0,"NVIDIA Corporation (4.1 Glassdoor, 3.2 WLB) vs AMD (3.9 Glassdoor, 3.6 WLB). Side-by-side comparison of culture values, compensation, pros & cons, and open roles.",162,1,true
20,https://jobsbyculture.com/compare/deepmind-vs-mistral,Google DeepMind vs Mistral AI: Culture & Glassdoor Compared | JobsByCulture,text/html; charset=utf-8,false,200,0,0,"Google DeepMind (4.2 Glassdoor, 4.0 WLB) vs Mistral AI (4.0 Glassdoor, 3.6 WLB). Side-by-side comparison of culture values, compensation, pros & cons, and open roles.",166,1,true
20,https://jobsbyculture.com/compare/cursor-vs-suno,Cursor (Anysphere) vs Suno: Culture & Glassdoor Compared | JobsByCulture,text/html; charset=utf-8,false,200,0,0,"Cursor (Anysphere) (4.0 Glassdoor, 3.5 WLB) vs Suno (4.2 Glassdoor, 3.8 WLB). Side-by-side comparison of culture values, compensation, pros & cons, and open roles.",163,1,true
20,https://jobsbyculture.com/compare/huggingface-vs-weaviate,Hugging Face vs Weaviate: Culture & Glassdoor Compared | JobsByCulture,text/html; charset=utf-8,false,200,0,0,"Hugging Face (3.8 Glassdoor, 4.1 WLB) vs Weaviate (4.3 Glassdoor, 4.2 WLB). Side-by-side comparison of culture values, compensation, pros & cons, and open roles.",161,1,true
20,https://jobsbyculture.com/compare/fireworksai-vs-tailscale,Fireworks AI vs Tailscale: Culture & Glassdoor Compared | JobsByCulture,text/html; charset=utf-8,false,200,0,0,"Fireworks AI (4.2 Glassdoor, 3.3 WLB) vs Tailscale (4.4 Glassdoor, 4.5 WLB). Side-by-side comparison of culture values, compensation, pros & cons, and open roles.",162,1,true
20,https://jobsbyculture.com/compare/cursor-vs-replit,Cursor (Anysphere) vs Replit: Culture & Glassdoor Compared | JobsByCulture,text/html; charset=utf-8,false,200,0,0,"Cursor (Anysphere) (4.0 Glassdoor, 3.5 WLB) vs Replit (4.0 Glassdoor, 3.9 WLB). Side-by-side comparison of culture values, compensation, pros & cons, and open roles.",165,1,true
20,https://jobsbyculture.com/compare/anthropic-vs-huggingface,Anthropic vs Hugging Face: Culture & Glassdoor Compared | JobsByCulture,text/html; charset=utf-8,false,200,0,0,"Anthropic (4.4 Glassdoor, 3.7 WLB) vs Hugging Face (3.8 Glassdoor, 4.1 WLB). Side-by-side comparison of culture values, compensation, pros & cons, and open roles.",162,1,true
20,https://jobsbyculture.com/compare/databricks-vs-snowflake,Databricks vs Snowflake Inc.: Culture & Glassdoor Compared | JobsByCulture,text/html; charset=utf-8,false,200,0,0,"Databricks (4.1 Glassdoor, 3.9 WLB) vs Snowflake Inc. (4.1 Glassdoor, 3.7 WLB). Side-by-side comparison of culture values, compensation, pros & cons, and open roles.",165,1,true
20,https://jobsbyculture.com/compare/crusoe-vs-cursor,Crusoe vs Cursor (Anysphere): Culture & Glassdoor Compared | JobsByCulture,text/html; charset=utf-8,false,200,0,0,"Crusoe (4.3 Glassdoor, 3.5 WLB) vs Cursor (Anysphere) (4.0 Glassdoor, 3.5 WLB). Side-by-side comparison of culture values, compensation, pros & cons, and open roles.",165,1,true
20,https://jobsbyculture.com/compare/airtable-vs-deepmind,Airtable vs Google DeepMind: Culture & Glassdoor Compared | JobsByCulture,text/html; charset=utf-8,false,200,0,0,"Airtable (4.1 Glassdoor, 4.0 WLB) vs Google DeepMind (4.2 Glassdoor, 4.0 WLB). Side-by-side comparison of culture values, compensation, pros & cons, and open roles.",164,1,true
20,https://jobsbyculture.com/compare/apollo-vs-perplexity,Apollo.io vs Perplexity AI: Culture & Glassdoor Compared | JobsByCulture,text/html; charset=utf-8,false,200,0,0,"Apollo.io (4.0 Glassdoor, 3.6 WLB) vs Perplexity AI (4.7 Glassdoor, 3.3 WLB). Side-by-side comparison of culture values, compensation, pros & cons, and open roles.",163,1,true
20,https://jobsbyculture.com/compare/perplexity-vs-pinecone,Perplexity AI vs Pinecone: Culture & Glassdoor Compared | JobsByCulture,text/html; charset=utf-8,false,200,0,0,"Perplexity AI (4.7 Glassdoor, 3.3 WLB) vs Pinecone (4.2 Glassdoor, 4.3 WLB). Side-by-side comparison of culture values, compensation, pros & cons, and open roles.",162,1,true
20,https://jobsbyculture.com/compare/cursor-vs-stripe,Cursor (Anysphere) vs Stripe: Culture & Glassdoor Compared | JobsByCulture,text/html; charset=utf-8,false,200,0,0,"Cursor (Anysphere) (4.0 Glassdoor, 3.5 WLB) vs Stripe (4.0 Glassdoor, 3.6 WLB). Side-by-side comparison of culture values, compensation, pros & cons, and open roles.",165,1,true
20,https://jobsbyculture.com/compare/deepmind-vs-weaviate,Google DeepMind vs Weaviate: Culture & Glassdoor Compared | JobsByCulture,text/html; charset=utf-8,false,200,0,0,"Google DeepMind (4.2 Glassdoor, 4.0 WLB) vs Weaviate (4.3 Glassdoor, 4.2 WLB). Side-by-side comparison of culture values, compensation, pros & cons, and open roles.",164,1,true
20,https://jobsbyculture.com/compare/cloudflare-vs-mistral,Cloudflare vs Mistral AI: Culture & Glassdoor Compared | JobsByCulture,text/html; charset=utf-8,false,200,0,0,"Cloudflare (3.9 Glassdoor, 3.7 WLB) vs Mistral AI (4.0 Glassdoor, 3.6 WLB). Side-by-side comparison of culture values, compensation, pros & cons, and open roles.",161,1,true
20,https://jobsbyculture.com/compare/cursor-vs-modal,Cursor (Anysphere) vs Modal: Culture & Glassdoor Compared | JobsByCulture,text/html; charset=utf-8,false,200,0,0,"Cursor (Anysphere) (4.0 Glassdoor, 3.5 WLB) vs Modal (4.0 Glassdoor, 3.8 WLB). Side-by-side comparison of culture values, compensation, pros & cons, and open roles.",164,1,true
20,https://jobsbyculture.com/compare/brex-vs-cursor,Brex vs Cursor (Anysphere): Culture & Glassdoor Compared | JobsByCulture,text/html; charset=utf-8,false,200,0,0,"Brex (4.0 Glassdoor, 3.9 WLB) vs Cursor (Anysphere) (4.0 Glassdoor, 3.5 WLB). Side-by-side comparison of culture values, compensation, pros & cons, and open roles.",163,1,true
20,https://jobsbyculture.com/compare/huggingface-vs-tailscale,Hugging Face vs Tailscale: Culture & Glassdoor Compared | JobsByCulture,text/html; charset=utf-8,false,200,0,0,"Hugging Face (3.8 Glassdoor, 4.1 WLB) vs Tailscale (4.4 Glassdoor, 4.5 WLB). Side-by-side comparison of culture values, compensation, pros & cons, and open roles.",162,1,true
20,https://jobsbyculture.com/compare/grafanalabs-vs-langchain,Grafana Labs vs LangChain: Culture & Glassdoor Compared | JobsByCulture,text/html; charset=utf-8,false,200,0,0,"Grafana Labs (4.1 Glassdoor, 4.3 WLB) vs LangChain (4.6 Glassdoor, 4.0 WLB). Side-by-side comparison of culture values, compensation, pros & cons, and open roles.",162,1,true
20,https://jobsbyculture.com/compare/amazon-vs-microsoft,Amazon vs Microsoft Corporation: Culture & Glassdoor Compared | JobsByCulture,text/html; charset=utf-8,false,200,0,0,"Amazon (3.8 Glassdoor, 2.9 WLB) vs Microsoft Corporation (4.1 Glassdoor, 3.6 WLB). Side-by-side comparison of culture values, compensation, pros & cons, and open roles.",168,1,true
20,https://jobsbyculture.com/compare/fireworksai-vs-incidentio,Fireworks AI vs incident.io: Culture & Glassdoor Compared | JobsByCulture,text/html; charset=utf-8,false,200,0,0,"Fireworks AI (4.2 Glassdoor, 3.3 WLB) vs incident.io (4.5 Glassdoor, 4.1 WLB). Side-by-side comparison of culture values, compensation, pros & cons, and open roles.",164,1,true
20,https://jobsbyculture.com/compare/fireworksai-vs-weaviate,Fireworks AI vs Weaviate: Culture & Glassdoor Compared | JobsByCulture,text/html; charset=utf-8,false,200,0,0,"Fireworks AI (4.2 Glassdoor, 3.3 WLB) vs Weaviate (4.3 Glassdoor, 4.2 WLB). Side-by-side comparison of culture values, compensation, pros & cons, and open roles.",161,1,true
20,https://jobsbyculture.com/compare/openai-vs-microsoft,OpenAI vs Microsoft Corporation: Culture & Glassdoor Compared | JobsByCulture,text/html; charset=utf-8,false,200,0,0,"OpenAI (4.5 Glassdoor, 3.6 WLB) vs Microsoft Corporation (4.1 Glassdoor, 3.6 WLB). Side-by-side comparison of culture values, compensation, pros & cons, and open roles.",168,1,true
20,https://jobsbyculture.com/compare/grafanalabs-vs-incidentio,Grafana Labs vs incident.io: Culture & Glassdoor Compared | JobsByCulture,text/html; charset=utf-8,false,200,0,0,"Grafana Labs (4.1 Glassdoor, 4.3 WLB) vs incident.io (4.5 Glassdoor, 4.1 WLB). Side-by-side comparison of culture values, compensation, pros & cons, and open roles.",164,1,true
20,https://jobsbyculture.com/compare/cursor-vs-perplexity,Cursor (Anysphere) vs Perplexity AI: Culture & Glassdoor Compared | JobsByCulture,text/html; charset=utf-8,false,200,0,0,"Cursor (Anysphere) (4.0 Glassdoor, 3.5 WLB) vs Perplexity AI (4.7 Glassdoor, 3.3 WLB). Side-by-side comparison of culture values, compensation, pros & cons, and open roles.",172,1,true
20,https://jobsbyculture.com/compare/deepmind-vs-fireworksai,Google DeepMind vs Fireworks AI: Culture & Glassdoor Compared | JobsByCulture,text/html; charset=utf-8,false,200,0,0,"Google DeepMind (4.2 Glassdoor, 4.0 WLB) vs Fireworks AI (4.2 Glassdoor, 3.3 WLB). Side-by-side comparison of culture values, compensation, pros & cons, and open roles.",168,1,true
20,https://jobsbyculture.com/compare/google-vs-microsoft,Google vs Microsoft Corporation: Culture & Glassdoor Compared | JobsByCulture,text/html; charset=utf-8,false,200,0,0,"Google (4.0 Glassdoor, 3.6 WLB) vs Microsoft Corporation (4.1 Glassdoor, 3.6 WLB). Side-by-side comparison of culture values, compensation, pros & cons, and open roles.",168,1,true
20,https://jobsbyculture.com/compare/incidentio-vs-together,incident.io vs Together AI: Culture & Glassdoor Compared | JobsByCulture,text/html; charset=utf-8,false,200,0,0,"incident.io (4.5 Glassdoor, 4.1 WLB) vs Together AI (4.1 Glassdoor, 3.8 WLB). Side-by-side comparison of culture values, compensation, pros & cons, and open roles.",163,1,true
20,https://jobsbyculture.com/compare/coreweave-vs-fireworksai,CoreWeave vs Fireworks AI: Culture & Glassdoor Compared | JobsByCulture,text/html; charset=utf-8,false,200,0,0,"CoreWeave (3.6 Glassdoor, 3.2 WLB) vs Fireworks AI (4.2 Glassdoor, 3.3 WLB). Side-by-side comparison of culture values, compensation, pros & cons, and open roles.",162,1,true
20,https://jobsbyculture.com/compare/databricks-vs-together,Databricks vs Together AI: Culture & Glassdoor Compared | JobsByCulture,text/html; charset=utf-8,false,200,0,0,"Databricks (4.1 Glassdoor, 3.9 WLB) vs Together AI (4.1 Glassdoor, 3.8 WLB). Side-by-side comparison of culture values, compensation, pros & cons, and open roles.",162,1,true
20,https://jobsbyculture.com/compare/deepmind-vs-langchain,Google DeepMind vs LangChain: Culture & Glassdoor Compared | JobsByCulture,text/html; charset=utf-8,false,200,0,0,"Google DeepMind (4.2 Glassdoor, 4.0 WLB) vs LangChain (4.6 Glassdoor, 4.0 WLB). Side-by-side comparison of culture values, compensation, pros & cons, and open roles.",165,1,true
20,https://jobsbyculture.com/compare/grafanalabs-vs-supabase,Grafana Labs vs Supabase: Culture & Glassdoor Compared | JobsByCulture,text/html; charset=utf-8,false,200,0,0,"Grafana Labs (4.1 Glassdoor, 4.3 WLB) vs Supabase (4.8 Glassdoor, 3.0 WLB). Side-by-side comparison of culture values, compensation, pros & cons, and open roles.",161,1,true
20,https://jobsbyculture.com/compare/cursor-vs-mercury,Cursor (Anysphere) vs Mercury: Culture & Glassdoor Compared | JobsByCulture,text/html; charset=utf-8,false,200,0,0,"Cursor (Anysphere) (4.0 Glassdoor, 3.5 WLB) vs Mercury (4.3 Glassdoor, 3.8 WLB). Side-by-side comparison of culture values, compensation, pros & cons, and open roles.",166,1,true
20,https://jobsbyculture.com/blog/working-at-together-ai-2026,"Working at Together AI in 2026: Culture, Compensation & What Employees Say | JobsByCulture",text/html; charset=utf-8,false,200,0,0,"What's it really like working at Together AI in 2026? The open-source AI cloud with $3.3B valuation, ~300 employees, $300M revenue, and 46 open roles. Real employee reviews inside.",180,1,true
20,https://jobsbyculture.com/compare/perplexity-vs-together,Perplexity AI vs Together AI: Culture & Glassdoor Compared | JobsByCulture,text/html; charset=utf-8,false,200,0,0,"Perplexity AI (4.7 Glassdoor, 3.3 WLB) vs Together AI (4.1 Glassdoor, 3.8 WLB). Side-by-side comparison of culture values, compensation, pros & cons, and open roles.",165,1,true
20,https://jobsbyculture.com/compare/deepmind-vs-posthog,Google DeepMind vs PostHog: Culture & Glassdoor Compared | JobsByCulture,text/html; charset=utf-8,false,200,0,0,"Google DeepMind (4.2 Glassdoor, 4.0 WLB) vs PostHog (4.3 Glassdoor, 4.5 WLB). Side-by-side comparison of culture values, compensation, pros & cons, and open roles.",163,1,true
20,https://jobsbyculture.com/compare/meta-vs-amazon,"Meta Platforms, Inc. vs Amazon: Culture & Glassdoor Compared | JobsByCulture",text/html; charset=utf-8,false,200,0,0,"Meta Platforms, Inc. (3.8 Glassdoor, 3.2 WLB) vs Amazon (3.8 Glassdoor, 2.9 WLB). Side-by-side comparison of culture values, compensation, pros & cons, and open roles.",167,1,true
20,https://jobsbyculture.com/compare/cloudflare-vs-cursor,Cloudflare vs Cursor (Anysphere): Culture & Glassdoor Compared | JobsByCulture,text/html; charset=utf-8,false,200,0,0,"Cloudflare (3.9 Glassdoor, 3.7 WLB) vs Cursor (Anysphere) (4.0 Glassdoor, 3.5 WLB). Side-by-side comparison of culture values, compensation, pros & cons, and open roles.",169,1,true
20,https://jobsbyculture.com/compare/fireworksai-vs-mistral,Fireworks AI vs Mistral AI: Culture & Glassdoor Compared | JobsByCulture,text/html; charset=utf-8,false,200,0,0,"Fireworks AI (4.2 Glassdoor, 3.3 WLB) vs Mistral AI (4.0 Glassdoor, 3.6 WLB). Side-by-side comparison of culture values, compensation, pros & cons, and open roles.",163,1,true
20,https://jobsbyculture.com/compare/elevenlabs-vs-mistral,ElevenLabs vs Mistral AI: Culture & Glassdoor Compared | JobsByCulture,text/html; charset=utf-8,false,200,0,0,"ElevenLabs (4.2 Glassdoor, 3.6 WLB) vs Mistral AI (4.0 Glassdoor, 3.6 WLB). Side-by-side comparison of culture values, compensation, pros & cons, and open roles.",161,1,true
20,https://jobsbyculture.com/compare/fireworksai-vs-scale,Fireworks AI vs Scale AI: Culture & Glassdoor Compared | JobsByCulture,text/html; charset=utf-8,false,200,0,0,"Fireworks AI (4.2 Glassdoor, 3.3 WLB) vs Scale AI (3.5 Glassdoor, 2.7 WLB). Side-by-side comparison of culture values, compensation, pros & cons, and open roles.",161,1,true
20,https://jobsbyculture.com/compare/cloudflare-vs-together,Cloudflare vs Together AI: Culture & Glassdoor Compared | JobsByCulture,text/html; charset=utf-8,false,200,0,0,"Cloudflare (3.9 Glassdoor, 3.7 WLB) vs Together AI (4.1 Glassdoor, 3.8 WLB). Side-by-side comparison of culture values, compensation, pros & cons, and open roles.",162,1,true
20,https://jobsbyculture.com/compare/deepmind-vs-stripe,Google DeepMind vs Stripe: Culture & Glassdoor Compared | JobsByCulture,text/html; charset=utf-8,false,200,0,0,"Google DeepMind (4.2 Glassdoor, 4.0 WLB) vs Stripe (4.0 Glassdoor, 3.6 WLB). Side-by-side comparison of culture values, compensation, pros & cons, and open roles.",162,1,true
20,https://jobsbyculture.com/compare/grafanalabs-vs-together,Grafana Labs vs Together AI: Culture & Glassdoor Compared | JobsByCulture,text/html; charset=utf-8,false,200,0,0,"Grafana Labs (4.1 Glassdoor, 4.3 WLB) vs Together AI (4.1 Glassdoor, 3.8 WLB). Side-by-side comparison of culture values, compensation, pros & cons, and open roles.",164,1,true
20,https://jobsbyculture.com/compare/deepmind-vs-openai,Google DeepMind vs OpenAI: Culture & Glassdoor Compared | JobsByCulture,text/html; charset=utf-8,false,200,0,0,"Google DeepMind (4.2 Glassdoor, 4.0 WLB) vs OpenAI (4.5 Glassdoor, 3.6 WLB). Side-by-side comparison of culture values, compensation, pros & cons, and open roles.",162,1,true
20,https://jobsbyculture.com/compare/datadog-vs-deepmind,Datadog vs Google DeepMind: Culture & Glassdoor Compared | JobsByCulture,text/html; charset=utf-8,false,200,0,0,"Datadog (4.2 Glassdoor, 3.8 WLB) vs Google DeepMind (4.2 Glassdoor, 4.0 WLB). Side-by-side comparison of culture values, compensation, pros & cons, and open roles.",163,1,true
20,https://jobsbyculture.com/compare/cursor-vs-hubspot,Cursor (Anysphere) vs HubSpot: Culture & Glassdoor Compared | JobsByCulture,text/html; charset=utf-8,false,200,0,0,"Cursor (Anysphere) (4.0 Glassdoor, 3.5 WLB) vs HubSpot (4.3 Glassdoor, 4.1 WLB). Side-by-side comparison of culture values, compensation, pros & cons, and open roles.",166,1,true
20,https://jobsbyculture.com/compare/cursor-vs-fireworksai,Cursor (Anysphere) vs Fireworks AI: Culture & Glassdoor Compared | JobsByCulture,text/html; charset=utf-8,false,200,0,0,"Cursor (Anysphere) (4.0 Glassdoor, 3.5 WLB) vs Fireworks AI (4.2 Glassdoor, 3.3 WLB). Side-by-side comparison of culture values, compensation, pros & cons, and open roles.",171,1,true
20,https://jobsbyculture.com/compare/mercury-vs-perplexity,Mercury vs Perplexity AI: Culture & Glassdoor Compared | JobsByCulture,text/html; charset=utf-8,false,200,0,0,"Mercury (4.3 Glassdoor, 3.8 WLB) vs Perplexity AI (4.7 Glassdoor, 3.3 WLB). Side-by-side comparison of culture values, compensation, pros & cons, and open roles.",161,1,true
20,https://jobsbyculture.com/compare/nvidia-vs-google,NVIDIA Corporation vs Google: Culture & Glassdoor Compared | JobsByCulture,text/html; charset=utf-8,false,200,0,0,"NVIDIA Corporation (4.1 Glassdoor, 3.2 WLB) vs Google (4.0 Glassdoor, 3.6 WLB). Side-by-side comparison of culture values, compensation, pros & cons, and open roles.",165,1,true
20,https://jobsbyculture.com/compare/deepmind-vs-huggingface,Google DeepMind vs Hugging Face: Culture & Glassdoor Compared | JobsByCulture,text/html; charset=utf-8,false,200,0,0,"Google DeepMind (4.2 Glassdoor, 4.0 WLB) vs Hugging Face (3.8 Glassdoor, 4.1 WLB). Side-by-side comparison of culture values, compensation, pros & cons, and open roles.",168,1,true
20,https://jobsbyculture.com/compare/apollo-vs-huggingface,Apollo.io vs Hugging Face: Culture & Glassdoor Compared | JobsByCulture,text/html; charset=utf-8,false,200,0,0,"Apollo.io (4.0 Glassdoor, 3.6 WLB) vs Hugging Face (3.8 Glassdoor, 4.1 WLB). Side-by-side comparison of culture values, compensation, pros & cons, and open roles.",162,1,true
20,https://jobsbyculture.com/compare/deepmind-vs-grafanalabs,Google DeepMind vs Grafana Labs: Culture & Glassdoor Compared | JobsByCulture,text/html; charset=utf-8,false,200,0,0,"Google DeepMind (4.2 Glassdoor, 4.0 WLB) vs Grafana Labs (4.1 Glassdoor, 4.3 WLB). Side-by-side comparison of culture values, compensation, pros & cons, and open roles.",168,1,true
20,https://jobsbyculture.com/compare/grafanalabs-vs-mistral,Grafana Labs vs Mistral AI: Culture & Glassdoor Compared | JobsByCulture,text/html; charset=utf-8,false,200,0,0,"Grafana Labs (4.1 Glassdoor, 4.3 WLB) vs Mistral AI (4.0 Glassdoor, 3.6 WLB). Side-by-side comparison of culture values, compensation, pros & cons, and open roles.",163,1,true
20,https://jobsbyculture.com/compare/elevenlabs-vs-grafanalabs,ElevenLabs vs Grafana Labs: Culture & Glassdoor Compared | JobsByCulture,text/html; charset=utf-8,false,200,0,0,"ElevenLabs (4.2 Glassdoor, 3.6 WLB) vs Grafana Labs (4.1 Glassdoor, 4.3 WLB). Side-by-side comparison of culture values, compensation, pros & cons, and open roles.",163,1,true
20,https://jobsbyculture.com/compare/coreweave-vs-incidentio,CoreWeave vs incident.io: Culture & Glassdoor Compared | JobsByCulture,text/html; charset=utf-8,false,200,0,0,"CoreWeave (3.6 Glassdoor, 3.2 WLB) vs incident.io (4.5 Glassdoor, 4.1 WLB). Side-by-side comparison of culture values, compensation, pros & cons, and open roles.",161,1,true
20,https://jobsbyculture.com/compare/coreweave-vs-together,CoreWeave vs Together AI: Culture & Glassdoor Compared | JobsByCulture,text/html; charset=utf-8,false,200,0,0,"CoreWeave (3.6 Glassdoor, 3.2 WLB) vs Together AI (4.1 Glassdoor, 3.8 WLB). Side-by-side comparison of culture values, compensation, pros & cons, and open roles.",161,1,true
20,https://jobsbyculture.com/compare/deepmind-vs-elevenlabs,Google DeepMind vs ElevenLabs: Culture & Glassdoor Compared | JobsByCulture,text/html; charset=utf-8,false,200,0,0,"Google DeepMind (4.2 Glassdoor, 4.0 WLB) vs ElevenLabs (4.2 Glassdoor, 3.6 WLB). Side-by-side comparison of culture values, compensation, pros & cons, and open roles.",166,1,true
20,https://jobsbyculture.com/compare/deepmind-vs-perplexity,Google DeepMind vs Perplexity AI: Culture & Glassdoor Compared | JobsByCulture,text/html; charset=utf-8,false,200,0,0,"Google DeepMind (4.2 Glassdoor, 4.0 WLB) vs Perplexity AI (4.7 Glassdoor, 3.3 WLB). Side-by-side comparison of culture values, compensation, pros & cons, and open roles.",169,1,true
20,https://jobsbyculture.com/compare/deepmind-vs-supabase,Google DeepMind vs Supabase: Culture & Glassdoor Compared | JobsByCulture,text/html; charset=utf-8,false,200,0,0,"Google DeepMind (4.2 Glassdoor, 4.0 WLB) vs Supabase (4.8 Glassdoor, 3.0 WLB). Side-by-side comparison of culture values, compensation, pros & cons, and open roles.",164,1,true
20,https://jobsbyculture.com/compare/databricks-vs-elevenlabs,Databricks vs ElevenLabs: Culture & Glassdoor Compared | JobsByCulture,text/html; charset=utf-8,false,200,0,0,"Databricks (4.1 Glassdoor, 3.9 WLB) vs ElevenLabs (4.2 Glassdoor, 3.6 WLB). Side-by-side comparison of culture values, compensation, pros & cons, and open roles.",161,1,true
20,https://jobsbyculture.com/compare/elevenlabs-vs-together,ElevenLabs vs Together AI: Culture & Glassdoor Compared | JobsByCulture,text/html; charset=utf-8,false,200,0,0,"ElevenLabs (4.2 Glassdoor, 3.6 WLB) vs Together AI (4.1 Glassdoor, 3.8 WLB). Side-by-side comparison of culture values, compensation, pros & cons, and open roles.",162,1,true
20,https://jobsbyculture.com/compare/elevenlabs-vs-incidentio,ElevenLabs vs incident.io: Culture & Glassdoor Compared | JobsByCulture,text/html; charset=utf-8,false,200,0,0,"ElevenLabs (4.2 Glassdoor, 3.6 WLB) vs incident.io (4.5 Glassdoor, 4.1 WLB). Side-by-side comparison of culture values, compensation, pros & cons, and open roles.",162,1,true
20,https://jobsbyculture.com/compare/cloudflare-vs-databricks,Cloudflare vs Databricks: Culture & Glassdoor Compared | JobsByCulture,text/html; charset=utf-8,false,200,0,0,"Cloudflare (3.9 Glassdoor, 3.7 WLB) vs Databricks (4.1 Glassdoor, 3.9 WLB). Side-by-side comparison of culture values, compensation, pros & cons, and open roles.",161,1,true
20,https://jobsbyculture.com/compare/airtable-vs-grafanalabs,Airtable vs Grafana Labs: Culture & Glassdoor Compared | JobsByCulture,text/html; charset=utf-8,false,200,0,0,"Airtable (4.1 Glassdoor, 4.0 WLB) vs Grafana Labs (4.1 Glassdoor, 4.3 WLB). Side-by-side comparison of culture values, compensation, pros & cons, and open roles.",161,1,true
20,https://jobsbyculture.com/compare/anthropic-vs-perplexity,Anthropic vs Perplexity AI: Culture & Glassdoor Compared | JobsByCulture,text/html; charset=utf-8,false,200,0,0,"Anthropic (4.4 Glassdoor, 3.7 WLB) vs Perplexity AI (4.7 Glassdoor, 3.3 WLB). Side-by-side comparison of culture values, compensation, pros & cons, and open roles.",163,1,true
20,https://jobsbyculture.com/compare/huggingface-vs-scale,Hugging Face vs Scale AI: Culture & Glassdoor Compared | JobsByCulture,text/html; charset=utf-8,false,200,0,0,"Hugging Face (3.8 Glassdoor, 4.1 WLB) vs Scale AI (3.5 Glassdoor, 2.7 WLB). Side-by-side comparison of culture values, compensation, pros & cons, and open roles.",161,1,true
20,https://jobsbyculture.com/compare/coreweave-vs-huggingface,CoreWeave vs Hugging Face: Culture & Glassdoor Compared | JobsByCulture,text/html; charset=utf-8,false,200,0,0,"CoreWeave (3.6 Glassdoor, 3.2 WLB) vs Hugging Face (3.8 Glassdoor, 4.1 WLB). Side-by-side comparison of culture values, compensation, pros & cons, and open roles.",162,1,true
20,https://jobsbyculture.com/compare/anthropic-vs-incidentio,Anthropic vs incident.io: Culture & Glassdoor Compared | JobsByCulture,text/html; charset=utf-8,false,200,0,0,"Anthropic (4.4 Glassdoor, 3.7 WLB) vs incident.io (4.5 Glassdoor, 4.1 WLB). Side-by-side comparison of culture values, compensation, pros & cons, and open roles.",161,1,true
20,https://jobsbyculture.com/compare/grafanalabs-vs-weaviate,Grafana Labs vs Weaviate: Culture & Glassdoor Compared | JobsByCulture,text/html; charset=utf-8,false,200,0,0,"Grafana Labs (4.1 Glassdoor, 4.3 WLB) vs Weaviate (4.3 Glassdoor, 4.2 WLB). Side-by-side comparison of culture values, compensation, pros & cons, and open roles.",161,1,true
20,https://jobsbyculture.com/compare/fireworksai-vs-huggingface,Fireworks AI vs Hugging Face: Culture & Glassdoor Compared | JobsByCulture,text/html; charset=utf-8,false,200,0,0,"Fireworks AI (4.2 Glassdoor, 3.3 WLB) vs Hugging Face (3.8 Glassdoor, 4.1 WLB). Side-by-side comparison of culture values, compensation, pros & cons, and open roles.",165,1,true
20,https://jobsbyculture.com/compare/cursor-vs-openai,Cursor (Anysphere) vs OpenAI: Culture & Glassdoor Compared | JobsByCulture,text/html; charset=utf-8,false,200,0,0,"Cursor (Anysphere) (4.0 Glassdoor, 3.5 WLB) vs OpenAI (4.5 Glassdoor, 3.6 WLB). Side-by-side comparison of culture values, compensation, pros & cons, and open roles.",165,1,true
20,https://jobsbyculture.com/compare/apollo-vs-grafanalabs,Apollo.io vs Grafana Labs: Culture & Glassdoor Compared | JobsByCulture,text/html; charset=utf-8,false,200,0,0,"Apollo.io (4.0 Glassdoor, 3.6 WLB) vs Grafana Labs (4.1 Glassdoor, 4.3 WLB). Side-by-side comparison of culture values, compensation, pros & cons, and open roles.",162,1,true
20,https://jobsbyculture.com/compare/airtable-vs-cursor,Airtable vs Cursor (Anysphere): Culture & Glassdoor Compared | JobsByCulture,text/html; charset=utf-8,false,200,0,0,"Airtable (4.1 Glassdoor, 4.0 WLB) vs Cursor (Anysphere) (4.0 Glassdoor, 3.5 WLB). Side-by-side comparison of culture values, compensation, pros & cons, and open roles.",167,1,true
20,https://jobsbyculture.com/compare/cursor-vs-runway,Cursor (Anysphere) vs Runway: Culture & Glassdoor Compared | JobsByCulture,text/html; charset=utf-8,false,200,0,0,"Cursor (Anysphere) (4.0 Glassdoor, 3.5 WLB) vs Runway (4.5 Glassdoor, 4.0 WLB). Side-by-side comparison of culture values, compensation, pros & cons, and open roles.",165,1,true
20,https://jobsbyculture.com/compare/coreweave-vs-grafanalabs,CoreWeave vs Grafana Labs: Culture & Glassdoor Compared | JobsByCulture,text/html; charset=utf-8,false,200,0,0,"CoreWeave (3.6 Glassdoor, 3.2 WLB) vs Grafana Labs (4.1 Glassdoor, 4.3 WLB). Side-by-side comparison of culture values, compensation, pros & cons, and open roles.",162,1,true
20,https://jobsbyculture.com/compare/grafanalabs-vs-scale,Grafana Labs vs Scale AI: Culture & Glassdoor Compared | JobsByCulture,text/html; charset=utf-8,false,200,0,0,"Grafana Labs (4.1 Glassdoor, 4.3 WLB) vs Scale AI (3.5 Glassdoor, 2.7 WLB). Side-by-side comparison of culture values, compensation, pros & cons, and open roles.",161,1,true
20,https://jobsbyculture.com/compare/hubspot-vs-perplexity,HubSpot vs Perplexity AI: Culture & Glassdoor Compared | JobsByCulture,text/html; charset=utf-8,false,200,0,0,"HubSpot (4.3 Glassdoor, 4.1 WLB) vs Perplexity AI (4.7 Glassdoor, 3.3 WLB). Side-by-side comparison of culture values, compensation, pros & cons, and open roles.",161,1,true
20,https://jobsbyculture.com/compare/cursor-vs-elevenlabs,Cursor (Anysphere) vs ElevenLabs: Culture & Glassdoor Compared | JobsByCulture,text/html; charset=utf-8,false,200,0,0,"Cursor (Anysphere) (4.0 Glassdoor, 3.5 WLB) vs ElevenLabs (4.2 Glassdoor, 3.6 WLB). Side-by-side comparison of culture values, compensation, pros & cons, and open roles.",169,1,true
20,https://jobsbyculture.com/compare/cursor-vs-deepmind,Cursor (Anysphere) vs Google DeepMind: Culture & Glassdoor Compared | JobsByCulture,text/html; charset=utf-8,false,200,0,0,"Cursor (Anysphere) (4.0 Glassdoor, 3.5 WLB) vs Google DeepMind (4.2 Glassdoor, 4.0 WLB). Side-by-side comparison of culture values, compensation, pros & cons, and open roles.",174,1,true
20,https://jobsbyculture.com/compare/coreweave-vs-perplexity,CoreWeave vs Perplexity AI: Culture & Glassdoor Compared | JobsByCulture,text/html; charset=utf-8,false,200,0,0,"CoreWeave (3.6 Glassdoor, 3.2 WLB) vs Perplexity AI (4.7 Glassdoor, 3.3 WLB). Side-by-side comparison of culture values, compensation, pros & cons, and open roles.",163,1,true
20,https://jobsbyculture.com/compare/elevenlabs-vs-fireworksai,ElevenLabs vs Fireworks AI: Culture & Glassdoor Compared | JobsByCulture,text/html; charset=utf-8,false,200,0,0,"ElevenLabs (4.2 Glassdoor, 3.6 WLB) vs Fireworks AI (4.2 Glassdoor, 3.3 WLB). Side-by-side comparison of culture values, compensation, pros & cons, and open roles.",163,1,true
20,https://jobsbyculture.com/compare/cursor-vs-datadog,Cursor (Anysphere) vs Datadog: Culture & Glassdoor Compared | JobsByCulture,text/html; charset=utf-8,false,200,0,0,"Cursor (Anysphere) (4.0 Glassdoor, 3.5 WLB) vs Datadog (4.2 Glassdoor, 3.8 WLB). Side-by-side comparison of culture values, compensation, pros & cons, and open roles.",166,1,true
20,https://jobsbyculture.com/compare/crusoe-vs-deepmind,Crusoe vs Google DeepMind: Culture & Glassdoor Compared | JobsByCulture,text/html; charset=utf-8,false,200,0,0,"Crusoe (4.3 Glassdoor, 3.5 WLB) vs Google DeepMind (4.2 Glassdoor, 4.0 WLB). Side-by-side comparison of culture values, compensation, pros & cons, and open roles.",162,1,true
20,https://jobsbyculture.com/compare/elevenlabs-vs-perplexity,ElevenLabs vs Perplexity AI: Culture & Glassdoor Compared | JobsByCulture,text/html; charset=utf-8,false,200,0,0,"ElevenLabs (4.2 Glassdoor, 3.6 WLB) vs Perplexity AI (4.7 Glassdoor, 3.3 WLB). Side-by-side comparison of culture values, compensation, pros & cons, and open roles.",164,1,true
20,https://jobsbyculture.com/compare/google-vs-meta,"Google vs Meta Platforms, Inc.: Culture & Glassdoor Compared | JobsByCulture",text/html; charset=utf-8,false,200,0,0,"Google (4.0 Glassdoor, 3.6 WLB) vs Meta Platforms, Inc. (3.8 Glassdoor, 3.2 WLB). Side-by-side comparison of culture values, compensation, pros & cons, and open roles.",167,1,true
20,https://jobsbyculture.com/compare/cloudflare-vs-grafanalabs,Cloudflare vs Grafana Labs: Culture & Glassdoor Compared | JobsByCulture,text/html; charset=utf-8,false,200,0,0,"Cloudflare (3.9 Glassdoor, 3.7 WLB) vs Grafana Labs (4.1 Glassdoor, 4.3 WLB). Side-by-side comparison of culture values, compensation, pros & cons, and open roles.",163,1,true
20,https://jobsbyculture.com/compare/airbnb-vs-uber,"Airbnb vs Uber Technologies, Inc.: Culture & Glassdoor Compared | JobsByCulture",text/html; charset=utf-8,false,200,0,0,"Airbnb (4.1 Glassdoor, 4.0 WLB) vs Uber Technologies, Inc. (3.7 Glassdoor, 3.2 WLB). Side-by-side comparison of culture values, compensation, pros & cons, and open roles.",170,1,true
20,https://jobsbyculture.com/compare/datadog-vs-perplexity,Datadog vs Perplexity AI: Culture & Glassdoor Compared | JobsByCulture,text/html; charset=utf-8,false,200,0,0,"Datadog (4.2 Glassdoor, 3.8 WLB) vs Perplexity AI (4.7 Glassdoor, 3.3 WLB). Side-by-side comparison of culture values, compensation, pros & cons, and open roles.",161,1,true
20,https://jobsbyculture.com/compare/incidentio-vs-perplexity,incident.io vs Perplexity AI: Culture & Glassdoor Compared | JobsByCulture,text/html; charset=utf-8,false,200,0,0,"incident.io (4.5 Glassdoor, 4.1 WLB) vs Perplexity AI (4.7 Glassdoor, 3.3 WLB). Side-by-side comparison of culture values, compensation, pros & cons, and open roles.",165,1,true
20,https://jobsbyculture.com/blog/working-at-cursor-2026,"Working at Cursor (Anysphere) in 2026: Glassdoor, Salary & Culture",text/html; charset=utf-8,false,200,0,0,"Cursor (Anysphere) Glassdoor rating: 4.0/5. ~50 employees, $200k–$400k engineer comp, 3.5 WLB score. Honest breakdown of culture, salary, work-life balance & open careers.",171,1,true
20,https://jobsbyculture.com/compare/databricks-vs-perplexity,Databricks vs Perplexity AI: Culture & Glassdoor Compared | JobsByCulture,text/html; charset=utf-8,false,200,0,0,"Databricks (4.1 Glassdoor, 3.9 WLB) vs Perplexity AI (4.7 Glassdoor, 3.3 WLB). Side-by-side comparison of culture values, compensation, pros & cons, and open roles.",164,1,true
20,https://jobsbyculture.com/compare/cursor-vs-github-copilot,Cursor (Anysphere) vs GitHub Copilot: Culture & Glassdoor Compared | JobsByCulture,text/html; charset=utf-8,false,200,0,0,"Cursor (Anysphere) (4.0 Glassdoor, 3.5 WLB) vs GitHub Copilot (4.1 Glassdoor, 3.8 WLB). Side-by-side comparison of culture values, compensation, pros & cons, and open roles.",173,1,true
20,https://jobsbyculture.com/compare/perplexity-vs-posthog,Perplexity AI vs PostHog: Culture & Glassdoor Compared | JobsByCulture,text/html; charset=utf-8,false,200,0,0,"Perplexity AI (4.7 Glassdoor, 3.3 WLB) vs PostHog (4.3 Glassdoor, 4.5 WLB). Side-by-side comparison of culture values, compensation, pros & cons, and open roles.",161,1,true
20,https://jobsbyculture.com/compare/deepmind-vs-scale,Google DeepMind vs Scale AI: Culture & Glassdoor Compared | JobsByCulture,text/html; charset=utf-8,false,200,0,0,"Google DeepMind (4.2 Glassdoor, 4.0 WLB) vs Scale AI (3.5 Glassdoor, 2.7 WLB). Side-by-side comparison of culture values, compensation, pros & cons, and open roles.",164,1,true
20,https://jobsbyculture.com/compare/perplexity-vs-supabase,Perplexity AI vs Supabase: Culture & Glassdoor Compared | JobsByCulture,text/html; charset=utf-8,false,200,0,0,"Perplexity AI (4.7 Glassdoor, 3.3 WLB) vs Supabase (4.8 Glassdoor, 3.0 WLB). Side-by-side comparison of culture values, compensation, pros & cons, and open roles.",162,1,true
20,https://jobsbyculture.com/compare/databricks-vs-grafanalabs,Databricks vs Grafana Labs: Culture & Glassdoor Compared | JobsByCulture,text/html; charset=utf-8,false,200,0,0,"Databricks (4.1 Glassdoor, 3.9 WLB) vs Grafana Labs (4.1 Glassdoor, 4.3 WLB). Side-by-side comparison of culture values, compensation, pros & cons, and open roles.",163,1,true
20,https://jobsbyculture.com/compare/cursor-vs-figma,Cursor (Anysphere) vs Figma: Culture & Glassdoor Compared | JobsByCulture,text/html; charset=utf-8,false,200,0,0,"Cursor (Anysphere) (4.0 Glassdoor, 3.5 WLB) vs Figma (3.7 Glassdoor, 3.1 WLB). Side-by-side comparison of culture values, compensation, pros & cons, and open roles.",164,1,true
20,https://jobsbyculture.com/compare/airbnb-vs-cursor,Airbnb vs Cursor (Anysphere): Culture & Glassdoor Compared | JobsByCulture,text/html; charset=utf-8,false,200,0,0,"Airbnb (4.1 Glassdoor, 4.0 WLB) vs Cursor (Anysphere) (4.0 Glassdoor, 3.5 WLB). Side-by-side comparison of culture values, compensation, pros & cons, and open roles.",165,1,true
20,https://jobsbyculture.com/compare/baseten-vs-deepmind,Baseten vs Google DeepMind: Culture & Glassdoor Compared | JobsByCulture,text/html; charset=utf-8,false,200,0,0,"Baseten (4.3 Glassdoor, 3.5 WLB) vs Google DeepMind (4.2 Glassdoor, 4.0 WLB). Side-by-side comparison of culture values, compensation, pros & cons, and open roles.",163,1,true
20,https://jobsbyculture.com/compare/deepmind-vs-figma,Google DeepMind vs Figma: Culture & Glassdoor Compared | JobsByCulture,text/html; charset=utf-8,false,200,0,0,"Google DeepMind (4.2 Glassdoor, 4.0 WLB) vs Figma (3.7 Glassdoor, 3.1 WLB). Side-by-side comparison of culture values, compensation, pros & cons, and open roles.",161,1,true
20,https://jobsbyculture.com/compare/airtable-vs-fireworksai,Airtable vs Fireworks AI: Culture & Glassdoor Compared | JobsByCulture,text/html; charset=utf-8,false,200,0,0,"Airtable (4.1 Glassdoor, 4.0 WLB) vs Fireworks AI (4.2 Glassdoor, 3.3 WLB). Side-by-side comparison of culture values, compensation, pros & cons, and open roles.",161,1,true
20,https://jobsbyculture.com/compare/apollo-vs-cursor,Apollo.io vs Cursor (Anysphere): Culture & Glassdoor Compared | JobsByCulture,text/html; charset=utf-8,false,200,0,0,"Apollo.io (4.0 Glassdoor, 3.6 WLB) vs Cursor (Anysphere) (4.0 Glassdoor, 3.5 WLB). Side-by-side comparison of culture values, compensation, pros & cons, and open roles.",168,1,true
20,https://jobsbyculture.com/compare/incidentio-vs-langchain,incident.io vs LangChain: Culture & Glassdoor Compared | JobsByCulture,text/html; charset=utf-8,false,200,0,0,"incident.io (4.5 Glassdoor, 4.1 WLB) vs LangChain (4.6 Glassdoor, 4.0 WLB). Side-by-side comparison of culture values, compensation, pros & cons, and open roles.",161,1,true
20,https://jobsbyculture.com/compare/apollo-vs-incidentio,Apollo.io vs incident.io: Culture & Glassdoor Compared | JobsByCulture,text/html; charset=utf-8,false,200,0,0,"Apollo.io (4.0 Glassdoor, 3.6 WLB) vs incident.io (4.5 Glassdoor, 4.1 WLB). Side-by-side comparison of culture values, compensation, pros & cons, and open roles.",161,1,true
20,https://jobsbyculture.com/compare/baseten-vs-perplexity,Baseten vs Perplexity AI: Culture & Glassdoor Compared | JobsByCulture,text/html; charset=utf-8,false,200,0,0,"Baseten (4.3 Glassdoor, 3.5 WLB) vs Perplexity AI (4.7 Glassdoor, 3.3 WLB). Side-by-side comparison of culture values, compensation, pros & cons, and open roles.",161,1,true
20,https://jobsbyculture.com/compare/deepmind-vs-hubspot,Google DeepMind vs HubSpot: Culture & Glassdoor Compared | JobsByCulture,text/html; charset=utf-8,false,200,0,0,"Google DeepMind (4.2 Glassdoor, 4.0 WLB) vs HubSpot (4.3 Glassdoor, 4.1 WLB). Side-by-side comparison of culture values, compensation, pros & cons, and open roles.",163,1,true
20,https://jobsbyculture.com/blog/anthropic-remote-work-policy-2026,Anthropic Remote Work Policy 2026: Is Anthropic Remote Friendly? | JobsByCulture,text/html; charset=utf-8,false,200,0,0,"Is Anthropic remote friendly in 2026? Only 7% of 443 open roles are remote-friendly. SF is the center of gravity. Here's the real remote work policy, office locations, and what employees say.",191,1,true
20,https://jobsbyculture.com/compare/cloudflare-vs-fireworksai,Cloudflare vs Fireworks AI: Culture & Glassdoor Compared | JobsByCulture,text/html; charset=utf-8,false,200,0,0,"Cloudflare (3.9 Glassdoor, 3.7 WLB) vs Fireworks AI (4.2 Glassdoor, 3.3 WLB). Side-by-side comparison of culture values, compensation, pros & cons, and open roles.",163,1,true
20,https://jobsbyculture.com/compare/cursor-vs-incidentio,Cursor (Anysphere) vs incident.io: Culture & Glassdoor Compared | JobsByCulture,text/html; charset=utf-8,false,200,0,0,"Cursor (Anysphere) (4.0 Glassdoor, 3.5 WLB) vs incident.io (4.5 Glassdoor, 4.1 WLB). Side-by-side comparison of culture values, compensation, pros & cons, and open roles.",170,1,true
20,https://jobsbyculture.com/compare/deepmind-vs-plaid,Google DeepMind vs Plaid: Culture & Glassdoor Compared | JobsByCulture,text/html; charset=utf-8,false,200,0,0,"Google DeepMind (4.2 Glassdoor, 4.0 WLB) vs Plaid (4.6 Glassdoor, 4.2 WLB). Side-by-side comparison of culture values, compensation, pros & cons, and open roles.",161,1,true
20,https://jobsbyculture.com/compare/grafanalabs-vs-pinecone,Grafana Labs vs Pinecone: Culture & Glassdoor Compared | JobsByCulture,text/html; charset=utf-8,false,200,0,0,"Grafana Labs (4.1 Glassdoor, 4.3 WLB) vs Pinecone (4.2 Glassdoor, 4.3 WLB). Side-by-side comparison of culture values, compensation, pros & cons, and open roles.",161,1,true
20,https://jobsbyculture.com/compare/apollo-vs-deepmind,Apollo.io vs Google DeepMind: Culture & Glassdoor Compared | JobsByCulture,text/html; charset=utf-8,false,200,0,0,"Apollo.io (4.0 Glassdoor, 3.6 WLB) vs Google DeepMind (4.2 Glassdoor, 4.0 WLB). Side-by-side comparison of culture values, compensation, pros & cons, and open roles.",165,1,true
20,https://jobsbyculture.com/compare/incidentio-vs-mistral,incident.io vs Mistral AI: Culture & Glassdoor Compared | JobsByCulture,text/html; charset=utf-8,false,200,0,0,"incident.io (4.5 Glassdoor, 4.1 WLB) vs Mistral AI (4.0 Glassdoor, 3.6 WLB). Side-by-side comparison of culture values, compensation, pros & cons, and open roles.",162,1,true
20,https://jobsbyculture.com/compare/cloudflare-vs-incidentio,Cloudflare vs incident.io: Culture & Glassdoor Compared | JobsByCulture,text/html; charset=utf-8,false,200,0,0,"Cloudflare (3.9 Glassdoor, 3.7 WLB) vs incident.io (4.5 Glassdoor, 4.1 WLB). Side-by-side comparison of culture values, compensation, pros & cons, and open roles.",162,1,true
20,https://jobsbyculture.com/compare/perplexity-vs-weaviate,Perplexity AI vs Weaviate: Culture & Glassdoor Compared | JobsByCulture,text/html; charset=utf-8,false,200,0,0,"Perplexity AI (4.7 Glassdoor, 3.3 WLB) vs Weaviate (4.3 Glassdoor, 4.2 WLB). Side-by-side comparison of culture values, compensation, pros & cons, and open roles.",162,1,true
20,https://jobsbyculture.com/compare/openai-vs-meta,"OpenAI vs Meta Platforms, Inc.: Culture & Glassdoor Compared | JobsByCulture",text/html; charset=utf-8,false,200,0,0,"OpenAI (4.5 Glassdoor, 3.6 WLB) vs Meta Platforms, Inc. (3.8 Glassdoor, 3.2 WLB). Side-by-side comparison of culture values, compensation, pros & cons, and open roles.",167,1,true
20,https://jobsbyculture.com/compare/coreweave-vs-cursor,CoreWeave vs Cursor (Anysphere): Culture & Glassdoor Compared | JobsByCulture,text/html; charset=utf-8,false,200,0,0,"CoreWeave (3.6 Glassdoor, 3.2 WLB) vs Cursor (Anysphere) (4.0 Glassdoor, 3.5 WLB). Side-by-side comparison of culture values, compensation, pros & cons, and open roles.",168,1,true
20,https://jobsbyculture.com/compare/cloudflare-vs-huggingface,Cloudflare vs Hugging Face: Culture & Glassdoor Compared | JobsByCulture,text/html; charset=utf-8,false,200,0,0,"Cloudflare (3.9 Glassdoor, 3.7 WLB) vs Hugging Face (3.8 Glassdoor, 4.1 WLB). Side-by-side comparison of culture values, compensation, pros & cons, and open roles.",163,1,true
20,https://jobsbyculture.com/compare/fireworksai-vs-langchain,Fireworks AI vs LangChain: Culture & Glassdoor Compared | JobsByCulture,text/html; charset=utf-8,false,200,0,0,"Fireworks AI (4.2 Glassdoor, 3.3 WLB) vs LangChain (4.6 Glassdoor, 4.0 WLB). Side-by-side comparison of culture values, compensation, pros & cons, and open roles.",162,1,true
20,https://jobsbyculture.com/compare/deepmind-vs-notion,Google DeepMind vs Notion: Culture & Glassdoor Compared | JobsByCulture,text/html; charset=utf-8,false,200,0,0,"Google DeepMind (4.2 Glassdoor, 4.0 WLB) vs Notion (4.4 Glassdoor, 4.2 WLB). Side-by-side comparison of culture values, compensation, pros & cons, and open roles.",162,1,true
20,https://jobsbyculture.com/compare/tesla-vs-rivian,"Tesla, Inc. vs Rivian Automotive, Inc.: Culture & Glassdoor Compared | JobsByCulture",text/html; charset=utf-8,false,200,0,0,"Tesla, Inc. (3.4 Glassdoor, 2.5 WLB) vs Rivian Automotive, Inc. (3.8 Glassdoor, 3.2 WLB). Side-by-side comparison of culture values, compensation, pros & cons, and open roles.",175,1,true
20,https://jobsbyculture.com/compare/deepmind-vs-vast,Google DeepMind vs Vast AI: Culture & Glassdoor Compared | JobsByCulture,text/html; charset=utf-8,false,200,0,0,"Google DeepMind (4.2 Glassdoor, 4.0 WLB) vs Vast AI (5.0 Glassdoor, 4.5 WLB). Side-by-side comparison of culture values, compensation, pros & cons, and open roles.",163,1,true
20,https://jobsbyculture.com/compare/grafanalabs-vs-perplexity,Grafana Labs vs Perplexity AI: Culture & Glassdoor Compared | JobsByCulture,text/html; charset=utf-8,false,200,0,0,"Grafana Labs (4.1 Glassdoor, 4.3 WLB) vs Perplexity AI (4.7 Glassdoor, 3.3 WLB). Side-by-side comparison of culture values, compensation, pros & cons, and open roles.",166,1,true
20,https://jobsbyculture.com/compare/airtable-vs-perplexity,Airtable vs Perplexity AI: Culture & Glassdoor Compared | JobsByCulture,text/html; charset=utf-8,false,200,0,0,"Airtable (4.1 Glassdoor, 4.0 WLB) vs Perplexity AI (4.7 Glassdoor, 3.3 WLB). Side-by-side comparison of culture values, compensation, pros & cons, and open roles.",162,1,true
20,https://jobsbyculture.com/compare/langchain-vs-perplexity,LangChain vs Perplexity AI: Culture & Glassdoor Compared | JobsByCulture,text/html; charset=utf-8,false,200,0,0,"LangChain (4.6 Glassdoor, 4.0 WLB) vs Perplexity AI (4.7 Glassdoor, 3.3 WLB). Side-by-side comparison of culture values, compensation, pros & cons, and open roles.",163,1,true
20,https://jobsbyculture.com/compare/deepmind-vs-incidentio,Google DeepMind vs incident.io: Culture & Glassdoor Compared | JobsByCulture,text/html; charset=utf-8,false,200,0,0,"Google DeepMind (4.2 Glassdoor, 4.0 WLB) vs incident.io (4.5 Glassdoor, 4.1 WLB). Side-by-side comparison of culture values, compensation, pros & cons, and open roles.",167,1,true
20,https://jobsbyculture.com/compare/cursor-vs-together,Cursor (Anysphere) vs Together AI: Culture & Glassdoor Compared | JobsByCulture,text/html; charset=utf-8,false,200,0,0,"Cursor (Anysphere) (4.0 Glassdoor, 3.5 WLB) vs Together AI (4.1 Glassdoor, 3.8 WLB). Side-by-side comparison of culture values, compensation, pros & cons, and open roles.",170,1,true
20,https://jobsbyculture.com/compare/elevenlabs-vs-huggingface,ElevenLabs vs Hugging Face: Culture & Glassdoor Compared | JobsByCulture,text/html; charset=utf-8,false,200,0,0,"ElevenLabs (4.2 Glassdoor, 3.6 WLB) vs Hugging Face (3.8 Glassdoor, 4.1 WLB). Side-by-side comparison of culture values, compensation, pros & cons, and open roles.",163,1,true
20,https://jobsbyculture.com/compare/fireworksai-vs-supabase,Fireworks AI vs Supabase: Culture & Glassdoor Compared | JobsByCulture,text/html; charset=utf-8,false,200,0,0,"Fireworks AI (4.2 Glassdoor, 3.3 WLB) vs Supabase (4.8 Glassdoor, 3.0 WLB). Side-by-side comparison of culture values, compensation, pros & cons, and open roles.",161,1,true
20,https://jobsbyculture.com/compare/cursor-vs-plaid,Cursor (Anysphere) vs Plaid: Culture & Glassdoor Compared | JobsByCulture,text/html; charset=utf-8,false,200,0,0,"Cursor (Anysphere) (4.0 Glassdoor, 3.5 WLB) vs Plaid (4.6 Glassdoor, 4.2 WLB). Side-by-side comparison of culture values, compensation, pros & cons, and open roles.",164,1,true
20,https://jobsbyculture.com/compare/perplexity-vs-vast,Perplexity AI vs Vast AI: Culture & Glassdoor Compared | JobsByCulture,text/html; charset=utf-8,false,200,0,0,"Perplexity AI (4.7 Glassdoor, 3.3 WLB) vs Vast AI (5.0 Glassdoor, 4.5 WLB). Side-by-side comparison of culture values, compensation, pros & cons, and open roles.",161,1,true
20,https://jobsbyculture.com/compare/cursor-vs-databricks,Cursor (Anysphere) vs Databricks: Culture & Glassdoor Compared | JobsByCulture,text/html; charset=utf-8,false,200,0,0,"Cursor (Anysphere) (4.0 Glassdoor, 3.5 WLB) vs Databricks (4.1 Glassdoor, 3.9 WLB). Side-by-side comparison of culture values, compensation, pros & cons, and open roles.",169,1,true
20,https://jobsbyculture.com/compare/cursor-vs-pylon,Cursor (Anysphere) vs Pylon: Culture & Glassdoor Compared | JobsByCulture,text/html; charset=utf-8,false,200,0,0,"Cursor (Anysphere) (4.0 Glassdoor, 3.5 WLB) vs Pylon (3.0 Glassdoor, 4.0 WLB). Side-by-side comparison of culture values, compensation, pros & cons, and open roles.",164,1,true
20,https://jobsbyculture.com/compare/fireworksai-vs-pinecone,Fireworks AI vs Pinecone: Culture & Glassdoor Compared | JobsByCulture,text/html; charset=utf-8,false,200,0,0,"Fireworks AI (4.2 Glassdoor, 3.3 WLB) vs Pinecone (4.2 Glassdoor, 4.3 WLB). Side-by-side comparison of culture values, compensation, pros & cons, and open roles.",161,1,true
20,https://jobsbyculture.com/compare/deepmind-vs-vercel,Google DeepMind vs Vercel: Culture & Glassdoor Compared | JobsByCulture,text/html; charset=utf-8,false,200,0,0,"Google DeepMind (4.2 Glassdoor, 4.0 WLB) vs Vercel (3.9 Glassdoor, 3.4 WLB). Side-by-side comparison of culture values, compensation, pros & cons, and open roles.",162,1,true
20,https://jobsbyculture.com/compare/cursor-vs-scale,Cursor (Anysphere) vs Scale AI: Culture & Glassdoor Compared | JobsByCulture,text/html; charset=utf-8,false,200,0,0,"Cursor (Anysphere) (4.0 Glassdoor, 3.5 WLB) vs Scale AI (3.5 Glassdoor, 2.7 WLB). Side-by-side comparison of culture values, compensation, pros & cons, and open roles.",167,1,true
20,https://jobsbyculture.com/compare/cursor-vs-vercel,Cursor (Anysphere) vs Vercel: Culture & Glassdoor Compared | JobsByCulture,text/html; charset=utf-8,false,200,0,0,"Cursor (Anysphere) (4.0 Glassdoor, 3.5 WLB) vs Vercel (3.9 Glassdoor, 3.4 WLB). Side-by-side comparison of culture values, compensation, pros & cons, and open roles.",165,1,true
20,https://jobsbyculture.com/compare/cursor-vs-supabase,Cursor (Anysphere) vs Supabase: Culture & Glassdoor Compared | JobsByCulture,text/html; charset=utf-8,false,200,0,0,"Cursor (Anysphere) (4.0 Glassdoor, 3.5 WLB) vs Supabase (4.8 Glassdoor, 3.0 WLB). Side-by-side comparison of culture values, compensation, pros & cons, and open roles.",167,1,true
20,https://jobsbyculture.com/compare/deepmind-vs-runway,Google DeepMind vs Runway: Culture & Glassdoor Compared | JobsByCulture,text/html; charset=utf-8,false,200,0,0,"Google DeepMind (4.2 Glassdoor, 4.0 WLB) vs Runway (4.5 Glassdoor, 4.0 WLB). Side-by-side comparison of culture values, compensation, pros & cons, and open roles.",162,1,true
20,https://jobsbyculture.com/compare/huggingface-vs-together,Hugging Face vs Together AI: Culture & Glassdoor Compared | JobsByCulture,text/html; charset=utf-8,false,200,0,0,"Hugging Face (3.8 Glassdoor, 4.1 WLB) vs Together AI (4.1 Glassdoor, 3.8 WLB). Side-by-side comparison of culture values, compensation, pros & cons, and open roles.",164,1,true
20,https://jobsbyculture.com/blog/highest-paying-ai-companies-2026,Highest Paying AI Companies in 2026: Full Salary + Equity Breakdown,text/html; charset=utf-8,false,200,0,0,"29 AI companies ranked by total comp (base + equity + bonus). OpenAI pays $350k–$550k, Anthropic $300k–$490k, DeepMind $300k–$500k. See where your offer stacks up.",163,1,true
20,https://jobsbyculture.com/compare/cursor-vs-huggingface,Cursor (Anysphere) vs Hugging Face: Culture & Glassdoor Compared | JobsByCulture,text/html; charset=utf-8,false,200,0,0,"Cursor (Anysphere) (4.0 Glassdoor, 3.5 WLB) vs Hugging Face (3.8 Glassdoor, 4.1 WLB). Side-by-side comparison of culture values, compensation, pros & cons, and open roles.",171,1,true
20,https://jobsbyculture.com/compare/huggingface-vs-langchain,Hugging Face vs LangChain: Culture & Glassdoor Compared | JobsByCulture,text/html; charset=utf-8,false,200,0,0,"Hugging Face (3.8 Glassdoor, 4.1 WLB) vs LangChain (4.6 Glassdoor, 4.0 WLB). Side-by-side comparison of culture values, compensation, pros & cons, and open roles.",162,1,true
20,https://jobsbyculture.com/compare/cloudflare-vs-perplexity,Cloudflare vs Perplexity AI: Culture & Glassdoor Compared | JobsByCulture,text/html; charset=utf-8,false,200,0,0,"Cloudflare (3.9 Glassdoor, 3.7 WLB) vs Perplexity AI (4.7 Glassdoor, 3.3 WLB). Side-by-side comparison of culture values, compensation, pros & cons, and open roles.",164,1,true
20,https://jobsbyculture.com/compare/cloudflare-vs-elevenlabs,Cloudflare vs ElevenLabs: Culture & Glassdoor Compared | JobsByCulture,text/html; charset=utf-8,false,200,0,0,"Cloudflare (3.9 Glassdoor, 3.7 WLB) vs ElevenLabs (4.2 Glassdoor, 3.6 WLB). Side-by-side comparison of culture values, compensation, pros & cons, and open roles.",161,1,true
20,https://jobsbyculture.com/compare/anthropic-vs-meta,"Anthropic vs Meta Platforms, Inc.: Culture & Glassdoor Compared | JobsByCulture",text/html; charset=utf-8,false,200,0,0,"Anthropic (4.4 Glassdoor, 3.7 WLB) vs Meta Platforms, Inc. (3.8 Glassdoor, 3.2 WLB). Side-by-side comparison of culture values, compensation, pros & cons, and open roles.",170,1,true
20,https://jobsbyculture.com/compare/grafanalabs-vs-tailscale,Grafana Labs vs Tailscale: Culture & Glassdoor Compared | JobsByCulture,text/html; charset=utf-8,false,200,0,0,"Grafana Labs (4.1 Glassdoor, 4.3 WLB) vs Tailscale (4.4 Glassdoor, 4.5 WLB). Side-by-side comparison of culture values, compensation, pros & cons, and open roles.",162,1,true
20,https://jobsbyculture.com/blog/working-at-airbnb-2026,"Working at Airbnb in 2026: Glassdoor Rating, Salary & Live and Work Anywhere Policy | JobsByCulture",text/html; charset=utf-8,false,200,0,0,"Airbnb Glassdoor rating is 4.1/5.0 in 2026. Engineers earn $180k–$350k TC with no location-based pay cuts. We break down the Live and Work Anywhere policy, real employee reviews, and 255 open roles.",198,1,true
20,https://jobsbyculture.com/compare/cursor-vs-langchain,Cursor (Anysphere) vs LangChain: Culture & Glassdoor Compared | JobsByCulture,text/html; charset=utf-8,false,200,0,0,"Cursor (Anysphere) (4.0 Glassdoor, 3.5 WLB) vs LangChain (4.6 Glassdoor, 4.0 WLB). Side-by-side comparison of culture values, compensation, pros & cons, and open roles.",168,1,true
20,https://jobsbyculture.com/compare/deepmind-vs-pylon,Google DeepMind vs Pylon: Culture & Glassdoor Compared | JobsByCulture,text/html; charset=utf-8,false,200,0,0,"Google DeepMind (4.2 Glassdoor, 4.0 WLB) vs Pylon (3.0 Glassdoor, 4.0 WLB). Side-by-side comparison of culture values, compensation, pros & cons, and open roles.",161,1,true
20,https://jobsbyculture.com/compare/cohere-vs-deepmind,Cohere vs Google DeepMind: Culture & Glassdoor Compared | JobsByCulture,text/html; charset=utf-8,false,200,0,0,"Cohere (2.9 Glassdoor, 3.5 WLB) vs Google DeepMind (4.2 Glassdoor, 4.0 WLB). Side-by-side comparison of culture values, compensation, pros & cons, and open roles.",162,1,true
20,https://jobsbyculture.com/compare/deepmind-vs-mercury,Google DeepMind vs Mercury: Culture & Glassdoor Compared | JobsByCulture,text/html; charset=utf-8,false,200,0,0,"Google DeepMind (4.2 Glassdoor, 4.0 WLB) vs Mercury (4.3 Glassdoor, 3.8 WLB). Side-by-side comparison of culture values, compensation, pros & cons, and open roles.",163,1,true
20,https://jobsbyculture.com/compare/deepmind-vs-linear,Google DeepMind vs Linear: Culture & Glassdoor Compared | JobsByCulture,text/html; charset=utf-8,false,200,0,0,"Google DeepMind (4.2 Glassdoor, 4.0 WLB) vs Linear (4.6 Glassdoor, 4.4 WLB). Side-by-side comparison of culture values, compensation, pros & cons, and open roles.",162,1,true
20,https://jobsbyculture.com/compare/anthropic-vs-fireworksai,Anthropic vs Fireworks AI: Culture & Glassdoor Compared | JobsByCulture,text/html; charset=utf-8,false,200,0,0,"Anthropic (4.4 Glassdoor, 3.7 WLB) vs Fireworks AI (4.2 Glassdoor, 3.3 WLB). Side-by-side comparison of culture values, compensation, pros & cons, and open roles.",162,1,true
20,https://jobsbyculture.com/compare/meta-vs-apple,"Meta Platforms, Inc. vs Apple Inc.: Culture & Glassdoor Compared | JobsByCulture",text/html; charset=utf-8,false,200,0,0,"Meta Platforms, Inc. (3.8 Glassdoor, 3.2 WLB) vs Apple Inc. (3.8 Glassdoor, 3.2 WLB). Side-by-side comparison of culture values, compensation, pros & cons, and open roles.",171,1,true
20,https://jobsbyculture.com/compare/baseten-vs-cursor,Baseten vs Cursor (Anysphere): Culture & Glassdoor Compared | JobsByCulture,text/html; charset=utf-8,false,200,0,0,"Baseten (4.3 Glassdoor, 3.5 WLB) vs Cursor (Anysphere) (4.0 Glassdoor, 3.5 WLB). Side-by-side comparison of culture values, compensation, pros & cons, and open roles.",166,1,true
20,https://jobsbyculture.com/compare/deepmind-vs-pinecone,Google DeepMind vs Pinecone: Culture & Glassdoor Compared | JobsByCulture,text/html; charset=utf-8,false,200,0,0,"Google DeepMind (4.2 Glassdoor, 4.0 WLB) vs Pinecone (4.2 Glassdoor, 4.3 WLB). Side-by-side comparison of culture values, compensation, pros & cons, and open roles.",164,1,true
20,https://jobsbyculture.com/compare/palantir-vs-databricks,Palantir Technologies vs Databricks: Culture & Glassdoor Compared | JobsByCulture,text/html; charset=utf-8,false,200,0,0,"Palantir Technologies (3.8 Glassdoor, 3.0 WLB) vs Databricks (4.1 Glassdoor, 3.9 WLB). Side-by-side comparison of culture values, compensation, pros & cons, and open roles.",172,1,true
20,https://jobsbyculture.com/compare/fireworksai-vs-grafanalabs,Fireworks AI vs Grafana Labs: Culture & Glassdoor Compared | JobsByCulture,text/html; charset=utf-8,false,200,0,0,"Fireworks AI (4.2 Glassdoor, 3.3 WLB) vs Grafana Labs (4.1 Glassdoor, 4.3 WLB). Side-by-side comparison of culture values, compensation, pros & cons, and open roles.",165,1,true
20,https://jobsbyculture.com/compare/langchain-vs-together,LangChain vs Together AI: Culture & Glassdoor Compared | JobsByCulture,text/html; charset=utf-8,false,200,0,0,"LangChain (4.6 Glassdoor, 4.0 WLB) vs Together AI (4.1 Glassdoor, 3.8 WLB). Side-by-side comparison of culture values, compensation, pros & cons, and open roles.",161,1,true
20,https://jobsbyculture.com/compare/deepmind-vs-modal,Google DeepMind vs Modal: Culture & Glassdoor Compared | JobsByCulture,text/html; charset=utf-8,false,200,0,0,"Google DeepMind (4.2 Glassdoor, 4.0 WLB) vs Modal (4.0 Glassdoor, 3.8 WLB). Side-by-side comparison of culture values, compensation, pros & cons, and open roles.",161,1,true
20,https://jobsbyculture.com/compare/cursor-vs-ramp,Cursor (Anysphere) vs Ramp: Culture & Glassdoor Compared | JobsByCulture,text/html; charset=utf-8,false,200,0,0,"Cursor (Anysphere) (4.0 Glassdoor, 3.5 WLB) vs Ramp (4.2 Glassdoor, 3.5 WLB). Side-by-side comparison of culture values, compensation, pros & cons, and open roles.",163,1,true
20,https://jobsbyculture.com/compare/huggingface-vs-perplexity,Hugging Face vs Perplexity AI: Culture & Glassdoor Compared | JobsByCulture,text/html; charset=utf-8,false,200,0,0,"Hugging Face (3.8 Glassdoor, 4.1 WLB) vs Perplexity AI (4.7 Glassdoor, 3.3 WLB). Side-by-side comparison of culture values, compensation, pros & cons, and open roles.",166,1,true
20,https://jobsbyculture.com/compare/apple-vs-microsoft,Apple Inc. vs Microsoft Corporation: Culture & Glassdoor Compared | JobsByCulture,text/html; charset=utf-8,false,200,0,0,"Apple Inc. (3.8 Glassdoor, 3.2 WLB) vs Microsoft Corporation (4.1 Glassdoor, 3.6 WLB). Side-by-side comparison of culture values, compensation, pros & cons, and open roles.",172,1,true
20,https://jobsbyculture.com/compare/anthropic-vs-grafanalabs,Anthropic vs Grafana Labs: Culture & Glassdoor Compared | JobsByCulture,text/html; charset=utf-8,false,200,0,0,"Anthropic (4.4 Glassdoor, 3.7 WLB) vs Grafana Labs (4.1 Glassdoor, 4.3 WLB). Side-by-side comparison of culture values, compensation, pros & cons, and open roles.",162,1,true
20,https://jobsbyculture.com/compare/perplexity-vs-scale,Perplexity AI vs Scale AI: Culture & Glassdoor Compared | JobsByCulture,text/html; charset=utf-8,false,200,0,0,"Perplexity AI (4.7 Glassdoor, 3.3 WLB) vs Scale AI (3.5 Glassdoor, 2.7 WLB). Side-by-side comparison of culture values, compensation, pros & cons, and open roles.",162,1,true
20,https://jobsbyculture.com/compare/cloudflare-vs-deepmind,Cloudflare vs Google DeepMind: Culture & Glassdoor Compared | JobsByCulture,text/html; charset=utf-8,false,200,0,0,"Cloudflare (3.9 Glassdoor, 3.7 WLB) vs Google DeepMind (4.2 Glassdoor, 4.0 WLB). Side-by-side comparison of culture values, compensation, pros & cons, and open roles.",166,1,true
20,https://jobsbyculture.com/compare/airtable-vs-huggingface,Airtable vs Hugging Face: Culture & Glassdoor Compared | JobsByCulture,text/html; charset=utf-8,false,200,0,0,"Airtable (4.1 Glassdoor, 4.0 WLB) vs Hugging Face (3.8 Glassdoor, 4.1 WLB). Side-by-side comparison of culture values, compensation, pros & cons, and open roles.",161,1,true
20,https://jobsbyculture.com/compare/mistral-vs-perplexity,Mistral AI vs Perplexity AI: Culture & Glassdoor Compared | JobsByCulture,text/html; charset=utf-8,false,200,0,0,"Mistral AI (4.0 Glassdoor, 3.6 WLB) vs Perplexity AI (4.7 Glassdoor, 3.3 WLB). Side-by-side comparison of culture values, compensation, pros & cons, and open roles.",164,1,true
20,https://jobsbyculture.com/compare/databricks-vs-huggingface,Databricks vs Hugging Face: Culture & Glassdoor Compared | JobsByCulture,text/html; charset=utf-8,false,200,0,0,"Databricks (4.1 Glassdoor, 3.9 WLB) vs Hugging Face (3.8 Glassdoor, 4.1 WLB). Side-by-side comparison of culture values, compensation, pros & cons, and open roles.",163,1,true
20,https://jobsbyculture.com/compare/anthropic-vs-deepmind,Anthropic vs Google DeepMind: Culture & Glassdoor Compared | JobsByCulture,text/html; charset=utf-8,false,200,0,0,"Anthropic (4.4 Glassdoor, 3.7 WLB) vs Google DeepMind (4.2 Glassdoor, 4.0 WLB). Side-by-side comparison of culture values, compensation, pros & cons, and open roles.",165,1,true
20,https://jobsbyculture.com/compare/cursor-vs-mistral,Cursor (Anysphere) vs Mistral AI: Culture & Glassdoor Compared | JobsByCulture,text/html; charset=utf-8,false,200,0,0,"Cursor (Anysphere) (4.0 Glassdoor, 3.5 WLB) vs Mistral AI (4.0 Glassdoor, 3.6 WLB). Side-by-side comparison of culture values, compensation, pros & cons, and open roles.",169,1,true
20,https://jobsbyculture.com/compare/databricks-vs-deepmind,Databricks vs Google DeepMind: Culture & Glassdoor Compared | JobsByCulture,text/html; charset=utf-8,false,200,0,0,"Databricks (4.1 Glassdoor, 3.9 WLB) vs Google DeepMind (4.2 Glassdoor, 4.0 WLB). Side-by-side comparison of culture values, compensation, pros & cons, and open roles.",166,1,true
20,https://jobsbyculture.com/compare/cursor-vs-vast,Cursor (Anysphere) vs Vast AI: Culture & Glassdoor Compared | JobsByCulture,text/html; charset=utf-8,false,200,0,0,"Cursor (Anysphere) (4.0 Glassdoor, 3.5 WLB) vs Vast AI (5.0 Glassdoor, 4.5 WLB). Side-by-side comparison of culture values, compensation, pros & cons, and open roles.",166,1,true
20,https://jobsbyculture.com/compare/tailscale-vs-together,Tailscale vs Together AI: Culture & Glassdoor Compared | JobsByCulture,text/html; charset=utf-8,false,200,0,0,"Tailscale (4.4 Glassdoor, 4.5 WLB) vs Together AI (4.1 Glassdoor, 3.8 WLB). Side-by-side comparison of culture values, compensation, pros & cons, and open roles.",161,1,true
20,https://jobsbyculture.com/compare/cursor-vs-posthog,Cursor (Anysphere) vs PostHog: Culture & Glassdoor Compared | JobsByCulture,text/html; charset=utf-8,false,200,0,0,"Cursor (Anysphere) (4.0 Glassdoor, 3.5 WLB) vs PostHog (4.3 Glassdoor, 4.5 WLB). Side-by-side comparison of culture values, compensation, pros & cons, and open roles.",166,1,true
20,https://jobsbyculture.com/compare/cohere-vs-cursor,Cohere vs Cursor (Anysphere): Culture & Glassdoor Compared | JobsByCulture,text/html; charset=utf-8,false,200,0,0,"Cohere (2.9 Glassdoor, 3.5 WLB) vs Cursor (Anysphere) (4.0 Glassdoor, 3.5 WLB). Side-by-side comparison of culture values, compensation, pros & cons, and open roles.",165,1,true
20,https://jobsbyculture.com/blog/working-at-mistral-2026,"Working at Mistral AI in 2026: Culture, Compensation & What Employees Say | JobsByCulture",text/html; charset=utf-8,false,200,0,0,"What's it really like working at Mistral AI in 2026? Europe's fastest AI unicorn — 4.0 Glassdoor, 141 open roles for ~700 employees, $14B valuation, and what the team actually says.",181,1,true
20,https://jobsbyculture.com/blog/working-at-coreweave-2026,"Working at CoreWeave in 2026: Glassdoor Reviews, Culture & Careers",text/html; charset=utf-8,false,200,0,0,"CoreWeave has ~1,800 employees and a 3.6 Glassdoor rating. NVIDIA-backed GPU cloud growing fast — but is it a good place to work? Real employee reviews + open roles.",165,1,true
20,https://jobsbyculture.com/compare/huggingface-vs-supabase,Hugging Face vs Supabase: Culture & Glassdoor Compared | JobsByCulture,text/html; charset=utf-8,false,200,0,0,"Hugging Face (3.8 Glassdoor, 4.1 WLB) vs Supabase (4.8 Glassdoor, 3.0 WLB). Side-by-side comparison of culture values, compensation, pros & cons, and open roles.",161,1,true
20,https://jobsbyculture.com/compare/fireworksai-vs-together,Fireworks AI vs Together AI: Culture & Glassdoor Compared | JobsByCulture,text/html; charset=utf-8,false,200,0,0,"Fireworks AI (4.2 Glassdoor, 3.3 WLB) vs Together AI (4.1 Glassdoor, 3.8 WLB). Side-by-side comparison of culture values, compensation, pros & cons, and open roles.",164,1,true
20,https://jobsbyculture.com/compare/fireworksai-vs-perplexity,Fireworks AI vs Perplexity AI: Culture & Glassdoor Compared | JobsByCulture,text/html; charset=utf-8,false,200,0,0,"Fireworks AI (4.2 Glassdoor, 3.3 WLB) vs Perplexity AI (4.7 Glassdoor, 3.3 WLB). Side-by-side comparison of culture values, compensation, pros & cons, and open roles.",166,1,true
20,https://jobsbyculture.com/compare/cursor-vs-grafanalabs,Cursor (Anysphere) vs Grafana Labs: Culture & Glassdoor Compared | JobsByCulture,text/html; charset=utf-8,false,200,0,0,"Cursor (Anysphere) (4.0 Glassdoor, 3.5 WLB) vs Grafana Labs (4.1 Glassdoor, 4.3 WLB). Side-by-side comparison of culture values, compensation, pros & cons, and open roles.",171,1,true
20,https://jobsbyculture.com/compare/deepmind-vs-replit,Google DeepMind vs Replit: Culture & Glassdoor Compared | JobsByCulture,text/html; charset=utf-8,false,200,0,0,"Google DeepMind (4.2 Glassdoor, 4.0 WLB) vs Replit (4.0 Glassdoor, 3.9 WLB). Side-by-side comparison of culture values, compensation, pros & cons, and open roles.",162,1,true
20,https://jobsbyculture.com/compare/huggingface-vs-incidentio,Hugging Face vs incident.io: Culture & Glassdoor Compared | JobsByCulture,text/html; charset=utf-8,false,200,0,0,"Hugging Face (3.8 Glassdoor, 4.1 WLB) vs incident.io (4.5 Glassdoor, 4.1 WLB). Side-by-side comparison of culture values, compensation, pros & cons, and open roles.",164,1,true
20,https://jobsbyculture.com/compare/mistral-vs-together,Mistral AI vs Together AI: Culture & Glassdoor Compared | JobsByCulture,text/html; charset=utf-8,false,200,0,0,"Mistral AI (4.0 Glassdoor, 3.6 WLB) vs Together AI (4.1 Glassdoor, 3.8 WLB). Side-by-side comparison of culture values, compensation, pros & cons, and open roles.",162,1,true
20,https://jobsbyculture.com/blog/ai-company-employee-count-2026,AI Company Employee Count 2026: Headcount for 45 Companies,text/html; charset=utf-8,false,200,0,0,"How many employees does Anthropic, OpenAI, Stripe, Databricks, or DeepMind have in 2026? Full headcount list for 40 AI & tech companies with growth rates and open roles.",169,1,true
20,https://jobsbyculture.com/compare/cursor-vs-notion,Cursor (Anysphere) vs Notion: Culture & Glassdoor Compared | JobsByCulture,text/html; charset=utf-8,false,200,0,0,"Cursor (Anysphere) (4.0 Glassdoor, 3.5 WLB) vs Notion (4.4 Glassdoor, 4.2 WLB). Side-by-side comparison of culture values, compensation, pros & cons, and open roles.",165,1,true
20,https://jobsbyculture.com/compare/coreweave-vs-deepmind,CoreWeave vs Google DeepMind: Culture & Glassdoor Compared | JobsByCulture,text/html; charset=utf-8,false,200,0,0,"CoreWeave (3.6 Glassdoor, 3.2 WLB) vs Google DeepMind (4.2 Glassdoor, 4.0 WLB). Side-by-side comparison of culture values, compensation, pros & cons, and open roles.",165,1,true
20,https://jobsbyculture.com/compare/databricks-vs-mistral,Databricks vs Mistral AI: Culture & Glassdoor Compared | JobsByCulture,text/html; charset=utf-8,false,200,0,0,"Databricks (4.1 Glassdoor, 3.9 WLB) vs Mistral AI (4.0 Glassdoor, 3.6 WLB). Side-by-side comparison of culture values, compensation, pros & cons, and open roles.",161,1,true
20,https://jobsbyculture.com/compare/anthropic-vs-together,Anthropic vs Together AI: Culture & Glassdoor Compared | JobsByCulture,text/html; charset=utf-8,false,200,0,0,"Anthropic (4.4 Glassdoor, 3.7 WLB) vs Together AI (4.1 Glassdoor, 3.8 WLB). Side-by-side comparison of culture values, compensation, pros & cons, and open roles.",161,1,true
